fandom,bullet_type,idx,region,keywords,match_class,strict_region,mention_type,snippet
이영지,loyalty,0,서울,서울,불확실,서울,활동,2026년 서울 올림픽공원 올림픽홀에서 두 번째 월드투어
이영지,loyalty,7,서울,서울,불확실,서울,활동,우승 직후인 2023년 1월 15일 서울 올림픽공원을 시작으로 부산·광주·인천·대
이영지,loyalty,7,부산,부산,지명 확인,부산,활동, 15일 서울 올림픽공원을 시작으로 부산·광주·인천·대구를 도는 전국투어 콘서트를
이영지,loyalty,7,대구,대구,지명 확인,대구,활동,림픽공원을 시작으로 부산·광주·인천·대구를 도는 전국투어 콘서트를 개최했다
이영지,loyalty,7,인천,인천,지명 확인,인천,활동,울 올림픽공원을 시작으로 부산·광주·인천·대구를 도는 전국투어 콘서트를 개최했다
이영지,loyalty,7,광주,광주,지명 확인,광주,활동,일 서울 올림픽공원을 시작으로 부산·광주·인천·대구를 도는 전국투어 콘서트를 개최
이영지,loyalty,8,서울,서울,지명 확인,서울,활동,2026년 월드투어 〈2.0〉 서울 공연을 3월 7~8일 양일간 올림픽공원 
이영지,loyalty,12,서울,서울,불확실,서울,활동,"혈병어린이재단, 초록우산어린이재단, 서울아산병원 어린이병원에 각 1억원씩 총 3억"
이영지,loyalty,12,충남,아산,불확실,충남,활동,"어린이재단, 초록우산어린이재단, 서울아산병원 어린이병원에 각 1억원씩 총 3억원을"
이영지,loyalty,13,서울,서울,불확실,서울,활동,026 월드투어 콘서트 〈2.0〉을 서울 올림픽공원 올림픽홀에서 3월 7~8일 양
이영지,loyalty,19,울산,울산,불확실,울산,활동,2025.3 대한적십자사를 통해 울산·경북·경남 산불 피해 복구 성금 1억원 
이영지,loyalty,19,경북,경북,불확실,경북,활동,025.3 대한적십자사를 통해 울산·경북·경남 산불 피해 복구 성금 1억원 기부
이영지,loyalty,19,경남,경남,불확실,경남,활동,.3 대한적십자사를 통해 울산·경북·경남 산불 피해 복구 성금 1억원 기부
이영지,loyalty,20,서울,서울,불확실,서울,활동,경찰과 도둑' 활동으로 팬들과 함께 서울아산병원·소아암 재단 등에 3억원 기부
이영지,loyalty,20,충남,아산,불확실,충남,활동,과 도둑' 활동으로 팬들과 함께 서울아산병원·소아암 재단 등에 3억원 기부
이영지,loyalty,35,서울,서울,불확실,서울,활동,국백혈병어린이재단·초록우산어린이재단·서울아산병원 어린이병원에 각 1억 원씩 총 3
이영지,loyalty,35,충남,아산,불확실,충남,활동,혈병어린이재단·초록우산어린이재단·서울아산병원 어린이병원에 각 1억 원씩 총 3억 
이영지,spillover,36,부산,부산,지명 확인,부산,활동,이영지가 부산관광공사 주최 '2026 부산원아시아페스티
이영지,spillover,37,부산,부산,지명 확인,부산,활동,이영지가 'NCT·라이즈'와 함께 부산에서 열리는 2026 부산원아시아페스티벌(
이영지,spillover,38,전북,전북,지명 확인,전북,활동,2025년 5월 전북대학교 축제('전북대 대동제')에서 이영지
이영지,spillover,55,강원,강원|속초,지명 확인,강원,활동,이영지가 2026년 8월 22일 강원도 한화리조트 설악 쏘라노에서 열린 '워터
이영지,spillover,58,서울,서울,지명 확인,서울,연고,서울특별시가 '고등래퍼' 출신 가수 이영지를 
지드래곤 (G-Dragon),loyalty,0,서울,서울,지명 확인,서울,활동,장 'Übermensch' 월드투어 서울 공연이 양일 합계 6만여 석 전석 매진됐
지드래곤 (G-Dragon),loyalty,8,서울,서울,불확실,서울,활동,2025년 12월 서울 고척스카이돔 앙코르 콘서트가 예매 시작 
지드래곤 (G-Dragon),loyalty,16,서울,서울,불확실,서울,활동,지드래곤은 2011~2012년 서울대병원 어린이병원에 총 1억원(5000만원
지드래곤 (G-Dragon),loyalty,27,부산,부산,불확실,부산,활동,는 제46차 유네스코 세계유산위원회(부산 개최) 홍보대사로 위촉됐다.
지드래곤 (G-Dragon),loyalty,28,부산,부산,지명 확인,부산,활동,지드래곤이 부산에서 열리는 유네스코 세계유산위원회의 홍보
지드래곤 (G-Dragon),spillover,6,경북,경주,불확실,경북,활동,의 홍보대사로 위촉돼 10월 31일 경주 라한호텔에서 21개국 정상 환영만찬 단독
지드래곤 (G-Dragon),spillover,10,부산,부산,지명 확인,부산,활동,2026년 문화유산청에 의해 부산에서 열리는 제48차 유네스코 세계유산위원
지드래곤 (G-Dragon),spillover,11,서울,서울,불확실,서울,활동,서울 앙코르 콘서트 피날레에 BTS 제이홉·정
지드래곤 (G-Dragon),spillover,16,부산,부산,지명 확인,부산,활동,지드래곤은 2026년 7월 19일 부산 벡스코에서 열린 제48차 유네스코 세계유
지드래곤 (G-Dragon),spillover,17,경북,경주,불확실,경북,활동,"지드래곤은 2025년 경주 APEC 정상회의 홍보대사로 위촉됐으며,"
지드래곤 (G-Dragon),spillover,27,서울,서울,지명 확인,서울,활동,el)의 글로벌 앰버서더로 활동하며 서울 콘서트 무대에서도 샤넬 커스텀 수트를 착
지드래곤 (G-Dragon),spillover,39,서울,서울,불확실,서울,활동,"을 모금했으며, 2011~2012년 서울대병원에 5,000만원을 기부했고, 202"
지드래곤 (G-Dragon),spillover,44,서울,서울,불확실,서울,활동,"17개 도시 39회 공연) 종료 및 서울 앙코르 공연을 보도: ""G-Dragon "
지드래곤 (G-Dragon),spillover,45,부산,부산,지명 확인,부산,활동,2025년 11월 부산시 주최 제20회 부산불꽃축제(지역축제)에
지드래곤 (G-Dragon),spillover,54,경기,경기도,지명 확인,경기,활동,래곤이 2025년 3월 29~30일 경기도 고양시 고양종합운동장에서 월드투어 위버
지드래곤 (G-Dragon),spillover,62,부산,부산,지명 확인,부산,활동,026년 7월 19일부터 29일까지 부산 벡스코에서 한국 최초로 개최됐다.
지드래곤 (G-Dragon),spillover,69,서울,서울,지명 확인,서울,활동,"피스재단에 현금 5억원을 기부하고, 서울 갤럭시로봇파크를 전시 공간으로 제공해 청"
지코,loyalty,24,부산,부산,지명 확인,부산,기타,월 자신의 곡 'Any Song'을 부산광역시교육청의 코로나19 예방수칙 안내 로
지코,spillover,6,서울,서울,불확실,서울,기타,뉴욕·서울 패션위크 협업을 통해 음악과 패션 산업을
지코,spillover,16,서울,서울,지명 확인,서울,활동,지코는 2019년 3월 박원순 서울시장에 의해 서울 홍보대사(굿윌 앰버서더)
지코,spillover,44,대구,대구,지명 확인,대구,활동,"지코가 2026년 5월 경북대학교(대구) 대학축제에 아이린, 엔시티위시, 이영지"
지코,spillover,44,경북,경북,지명 확인,경북,활동,"지코가 2026년 5월 경북대학교(대구) 대학축제에 아이린, 엔시티위"
지코,spillover,48,서울,서울,지명 확인,서울,활동,지코는 2019년 3월 4일 서울시청사에서 서울시 홍보대사로 공식 위촉되어
박재범,loyalty,7,서울,서울,불확실,서울,활동,월드투어 열기를 이어가는 서울 앙코르 콘서트 8월 개최 예고
박재범,loyalty,8,서울,서울,지명 확인,서울,활동,nades & Body Rolls' 서울 공연 티켓 오픈
박재범,loyalty,17,서울,서울,불확실,서울,활동,Body Rolls'(2025) — 서울·쿠알라룸푸르·타이베이·방콕·마닐라·홍콩·
박재범,loyalty,18,서울,서울,불확실,서울,활동,2026.8 서울 앙코르 공연 'THE REPLAY' 개최
박재범,spillover,27,강원,강원|원주,지명 확인,강원,기타,범이 만든 소주 브랜드 '원소주'는 강원도 원주에 양조장을 두고 생산되어 지역 경
박재범,spillover,30,전북,전북|전주,지명 확인,전북,활동,박재범이 2026년 5월 전북대학교(전주) 대학축제에 출연
박재범,spillover,31,경기,성남,지명 확인,경기,활동,"이 2026년 5월 가천대학교(경기 성남) 대학축제에 싸이, 소유 등과 함께 출연"
박재범,spillover,40,제주,제주,지명 확인,제주,활동,박재범은 2011년 9월 '제주 세계 7대 자연경관' 선정 홍보대사로 위
박재범,spillover,46,부산,부산,불확실,부산,활동,범이 2026년 8월 8일 '워터밤 부산 2026' 무대에 올라 여름 페스티벌 시
다이나믹듀오,loyalty,11,서울,서울,지명 확인,서울,활동, 4일 콘서트 '가끔씩 오래 보자' 서울 공연 티켓이 온라인 예매 시작 3분 만에
다이나믹듀오,loyalty,12,서울,서울,지명 확인,서울,활동,2025년 콘서트는 서울 단독 공연에서 부산·대구·광주를 포함한 
다이나믹듀오,loyalty,12,부산,부산,지명 확인,부산,활동,25년 콘서트는 서울 단독 공연에서 부산·대구·광주를 포함한 전국투어로 확대되며 
다이나믹듀오,loyalty,12,대구,대구,지명 확인,대구,활동, 콘서트는 서울 단독 공연에서 부산·대구·광주를 포함한 전국투어로 확대되며 데뷔 
다이나믹듀오,loyalty,12,광주,광주,지명 확인,광주,활동,트는 서울 단독 공연에서 부산·대구·광주를 포함한 전국투어로 확대되며 데뷔 20년
다이나믹듀오,loyalty,13,서울,서울,지명 확인,서울,활동,월~2026년 1월 부산·대구·광주·서울(장충체육관)을 도는 3년 연속 단독 콘서
다이나믹듀오,loyalty,13,부산,부산,지명 확인,부산,활동, 2025년 12월~2026년 1월 부산·대구·광주·서울(장충체육관)을 도는 3년
다이나믹듀오,loyalty,13,대구,대구,지명 확인,대구,활동,25년 12월~2026년 1월 부산·대구·광주·서울(장충체육관)을 도는 3년 연속
다이나믹듀오,loyalty,13,광주,광주,지명 확인,광주,활동, 12월~2026년 1월 부산·대구·광주·서울(장충체육관)을 도는 3년 연속 단독
다이나믹듀오,loyalty,14,서울,서울,지명 확인,서울,활동,"단독 콘서트 '가끔씩 오래 보자' 서울 공연, 티켓 오픈 3분 만에 전석 매진 "
다이나믹듀오,loyalty,15,서울,서울,지명 확인,서울,활동,전국투어로 확장 — 부산·대구·광주·서울 앙코르(2025.12~2026.1)
다이나믹듀오,loyalty,15,부산,부산,지명 확인,부산,활동,씩 오래 보자' 전국투어로 확장 — 부산·대구·광주·서울 앙코르(2025.12~2
다이나믹듀오,loyalty,15,대구,대구,지명 확인,대구,활동,래 보자' 전국투어로 확장 — 부산·대구·광주·서울 앙코르(2025.12~2026
다이나믹듀오,loyalty,15,광주,광주,지명 확인,광주,활동,자' 전국투어로 확장 — 부산·대구·광주·서울 앙코르(2025.12~2026.1)
다이나믹듀오,loyalty,21,서울,서울,지명 확인,서울,활동,다이나믹 듀오는 2025년 11월 서울 장충체육관에서 연 단독 콘서트 '가끔씩 
다이나믹듀오,spillover,14,인천,인천,지명 확인,인천,활동,"이슬라이브 페스티벌'(9월 12일, 인천 송도달빛축제공원)이 2년 만에 규모를 키"
다이나믹듀오,spillover,17,부산,부산,지명 확인,부산,활동,다이나믹 듀오가 2025년 부산에서 단독 콘서트 '가끔씩 오래 보자'를 
다이나믹듀오,spillover,18,대구,대구,지명 확인,대구,활동,다이나믹 듀오가 대구 이월드 30주년 축제 무대에서 공연하며 
다이나믹듀오,spillover,19,전북,전북,지명 확인,전북,활동,다이나믹 듀오가 전북 김제에서 열린 제27회 김제지평선축제 무
에픽하이,spillover,16,대구,대구,지명 확인,대구,활동,에픽하이가 2025년 8월 대구스타디움에서 열린 싸이의 '흠뻑쇼' 대구 
에픽하이,spillover,20,인천,인천,지명 확인,인천,활동,8월 29~30일 인천문학경기장 '서스테이너블 웨이브 페스티벌 
악동뮤지션,loyalty,4,서울,서울,지명 확인,서울,활동,"2017년 'DIARY' 콘서트(서울 서강대 메리홀)에서 8회차, 총 4천석 "
악동뮤지션,loyalty,4,부산,부산,지명 확인,부산,활동,"이 전량 매진됐고, 이후 광주·대구·부산·수원·성남 등 전국 투어로 확대될 만큼 "
악동뮤지션,loyalty,4,대구,대구,지명 확인,대구,활동," 티켓이 전량 매진됐고, 이후 광주·대구·부산·수원·성남 등 전국 투어로 확대될 "
악동뮤지션,loyalty,4,광주,광주,지명 확인,광주,활동,"4천석 티켓이 전량 매진됐고, 이후 광주·대구·부산·수원·성남 등 전국 투어로 확"
악동뮤지션,loyalty,4,경기,성남|수원,지명 확인,경기,활동,"량 매진됐고, 이후 광주·대구·부산·수원·성남 등 전국 투어로 확대될 만큼 수요가"
악동뮤지션,loyalty,6,서울,서울,지명 확인,서울,활동,2017년 콘서트 '일기장' 서울 공연(서강대 메리홀) 티켓이 오픈 30초
악동뮤지션,loyalty,7,서울,서울,지명 확인,서울,활동,"2019년 콘서트 '항해' 서울 공연(경희대 평화의전당, 약 4,500석"
악동뮤지션,loyalty,13,서울,서울,지명 확인,서울,활동,1 'AKMUTOPIA' 전국투어를 서울·부산·광주·고양·대구·창원·수원·순천·대
악동뮤지션,loyalty,13,부산,부산,불확실,부산,활동,AKMUTOPIA' 전국투어를 서울·부산·광주·고양·대구·창원·수원·순천·대전·인
악동뮤지션,loyalty,13,대구,대구,지명 확인,대구,활동,' 전국투어를 서울·부산·광주·고양·대구·창원·수원·순천·대전·인천 등 10개 도
악동뮤지션,loyalty,13,인천,인천,불확실,인천,활동,"주·고양·대구·창원·수원·순천·대전·인천 등 10개 도시에서 진행했고, 서울 공연"
악동뮤지션,loyalty,13,광주,광주,지명 확인,광주,활동,UTOPIA' 전국투어를 서울·부산·광주·고양·대구·창원·수원·순천·대전·인천 등
악동뮤지션,loyalty,13,대전,대전,불확실,대전,활동,"산·광주·고양·대구·창원·수원·순천·대전·인천 등 10개 도시에서 진행했고, 서울"
악동뮤지션,loyalty,13,경기,수원,지명 확인,경기,활동,를 서울·부산·광주·고양·대구·창원·수원·순천·대전·인천 등 10개 도시에서 진행
악동뮤지션,loyalty,13,전남,순천,불확실,전남,활동,"울·부산·광주·고양·대구·창원·수원·순천·대전·인천 등 10개 도시에서 진행했고,"
악동뮤지션,loyalty,13,경남,창원,지명 확인,경남,활동,국투어를 서울·부산·광주·고양·대구·창원·수원·순천·대전·인천 등 10개 도시에서
악동뮤지션,loyalty,19,서울,서울,불확실,서울,활동,U)이 2026년 10월 9~11일 서울 KSPO DOME에서 여는 콘서트 '소문
악동뮤지션,spillover,1,서울,서울,지명 확인,서울,활동,"2017년 '일기장' 투어는 서울 8회 공연에 더해 전국 9개 도시 순회,"
악동뮤지션,spillover,16,서울,서울,불확실,서울,활동,첫 전국 투어(10개 도시 순회)가 서울 외 지방 중소도시(순천·창원 등)까지 포
악동뮤지션,spillover,16,전남,순천,지명 확인,전남,활동,시 순회)가 서울 외 지방 중소도시(순천·창원 등)까지 포함돼 지역 공연 시장에 
악동뮤지션,spillover,16,경남,창원,지명 확인,경남,활동,회)가 서울 외 지방 중소도시(순천·창원 등)까지 포함돼 지역 공연 시장에 파급 
임영웅,loyalty,1,서울,서울,지명 확인,서울,활동,"속이 몰렸고, 인천을 시작으로 대구·서울·광주·대전·부산 등 매 지역에서 오픈과 "
임영웅,loyalty,1,부산,부산,불확실,부산,활동,천을 시작으로 대구·서울·광주·대전·부산 등 매 지역에서 오픈과 동시에 초고속 전
임영웅,loyalty,1,대구,대구,지명 확인,대구,활동,025~2026년 전국투어 콘서트는 대구 공연에서 티켓 오픈 전부터 서버가 다운될
임영웅,loyalty,1,인천,인천,지명 확인,인천,활동,"버가 다운될 정도로 접속이 몰렸고, 인천을 시작으로 대구·서울·광주·대전·부산 등"
임영웅,loyalty,1,광주,광주,지명 확인,광주,활동,"몰렸고, 인천을 시작으로 대구·서울·광주·대전·부산 등 매 지역에서 오픈과 동시에"
임영웅,loyalty,1,대전,대전,불확실,대전,활동,", 인천을 시작으로 대구·서울·광주·대전·부산 등 매 지역에서 오픈과 동시에 초고"
임영웅,loyalty,4,경남,거제,불확실,경남,활동,"다(홍천 지회 쌀 100포대 기부, 거제 지회 1004만원 기부 등)."
임영웅,loyalty,11,서울,서울,지명 확인,서울,활동,2025년 9월 서울 콘서트 티켓이 오픈과 동시 전석 매진되고
임영웅,loyalty,13,서울,서울,불확실,서울,활동,서울 고척스카이돔 공연도 티켓 오픈과 동시에 
임영웅,loyalty,14,서울,서울,지명 확인,서울,활동,024년 5월 팬클럽 '영웅시대'가 서울 지하철 2호선에 래핑 광고를 게재해 스타
임영웅,loyalty,23,강원,춘천,지명 확인,강원,기타,"Local chapter ""영웅시대 춘천 핑크웅사랑방"" donated 2 mill"
임영웅,loyalty,24,충남,아산|천안,지명 확인,충남,기타,"Local chapter ""천안아산 영웅시대"" donated 6 mill"
임영웅,loyalty,30,제주,제주,지명 확인,제주,기타,임영웅 팬클럽 '영웅시대 제주' 지회가 이웃사랑 성금 400만 원을 기
임영웅,loyalty,31,대전,대전,지명 확인,대전,활동,"체 디틱은 임영웅의 2026년 2월 대전 'IM HERO' 콘서트(2~4일, 대전"
임영웅,loyalty,33,경기,안산,지명 확인,경기,활동,부했다. 기부금은 고려대 안암·구로·안산병원의 저소득 취약계층 환자 치료비 지원에
임영웅,loyalty,39,경기,경기도,지명 확인,경기,연고,임영웅은 경기도 포천시 홍보대사로 위촉되어 포천시청 공
임영웅,loyalty,39,경북,경북|포항,지명 확인,경북,연고,페이지 소개 페이지에 등재되어 있다(경북 포항이 아닌 경기 포천이 정확한 연고지)
임영웅,loyalty,40,서울,서울,불확실,서울,활동,"어 콘서트 'IM HERO'를 통해 서울, 인천, 부산 등 전국 여러 지역을 순회"
임영웅,loyalty,40,부산,부산,불확실,부산,활동,"M HERO'를 통해 서울, 인천, 부산 등 전국 여러 지역을 순회하며 팬들과 만"
임영웅,loyalty,40,인천,인천,불확실,인천,활동,"트 'IM HERO'를 통해 서울, 인천, 부산 등 전국 여러 지역을 순회하며 팬"
임영웅,spillover,5,제주,제주,불확실,제주,기타,2024년 제주삼다수는 4년간 모델이었던 아이유를 대체해
임영웅,spillover,26,서울,서울,지명 확인,서울,활동,국투어 '아임 히어로'가 인천·대구·서울·광주·대전·부산 등 7개 지역 24회 공
임영웅,spillover,26,부산,부산,불확실,부산,활동,어로'가 인천·대구·서울·광주·대전·부산 등 7개 지역 24회 공연에서 총 25만
임영웅,spillover,26,대구,대구,지명 확인,대구,활동,년 전국투어 '아임 히어로'가 인천·대구·서울·광주·대전·부산 등 7개 지역 24
임영웅,spillover,26,인천,인천,지명 확인,인천,활동,026년 전국투어 '아임 히어로'가 인천·대구·서울·광주·대전·부산 등 7개 지역
임영웅,spillover,26,광주,광주,지명 확인,광주,활동, '아임 히어로'가 인천·대구·서울·광주·대전·부산 등 7개 지역 24회 공연에서
임영웅,spillover,26,대전,대전,불확실,대전,활동,임 히어로'가 인천·대구·서울·광주·대전·부산 등 7개 지역 24회 공연에서 총 
임영웅,spillover,49,경기,경기도,지명 확인,경기,연고,임영웅은 고향인 경기도 포천시의 홍보대사로 위촉되어 활동해왔으
송가인,loyalty,13,전남,전남|진도,지명 확인,전남,활동,전남 진도군은 2026년 8월 18일 '트롯 
송가인,loyalty,18,전남,전남|진도,지명 확인,전남,연고,송가인은 '진도의 딸'로 불리며 전남 진도군 홍보모델(홍보대사)로 재위촉되어 
송가인,loyalty,19,전남,진도,지명 확인,전남,활동,송가인은 진도군 홍보모델 자격으로 진도·해남 일대에서 
송가인,loyalty,20,전남,진도,지명 확인,전남,기타,송가인은 진도군 홍보모델로서 진도의 매력을 전국에 알리
송가인,loyalty,23,전남,전남,불확실,전남,연고,송가인이 전남경찰청 명예경찰(경위 계급)로 위촉되어(2
송가인,loyalty,24,전남,전남|전라남도,지명 확인,전남,활동,"가 송가인을 2025 국제농업박람회(전남농업기술원, 10월 23~29일 개최) 홍"
송가인,loyalty,28,전남,진도,지명 확인,전남,연고, 1월 송가인의 생일을 맞아 고향인 진도군에 백미 100포(약 300만 원 상당)
송가인,loyalty,29,전북,전북,지명 확인,전북,활동,송가인 공식 팬카페 '어게인'은 전북 지역 사랑의열매에 성금을 기부하는 등 팬
송가인,loyalty,30,전남,진도,지명 확인,전남,활동,경기남부 어게인'은 2025년 1월 진도군 내 사회복지시설 14개소에 백미 100
송가인,loyalty,31,전북,전북,불확실,전북,기타,인'은 2021년 12월 사랑의열매 전북사회복지공동모금회에 성금 115만원을 기탁
송가인,loyalty,32,전남,진도,지명 확인,전남,활동,송가인 팬클럽은 진도군에 백미 100포를 기부하는 나눔 행사를
송가인,spillover,0,전남,전라남도|진도,지명 확인,전남,활동,2019년부터 전라남도 진도군 홍보대사 및 전라남도 관광 홍보대사로 
송가인,spillover,1,전남,진도,지명 확인,전남,연고,고향 진도의 '송가인마을'은 그의 인기에 힘입어 관
송가인,spillover,3,전남,진도,지명 확인,전남,연고,"2026년 8월 진도군 홍보대사로 재위촉되었으며, 진도 출신으"
송가인,spillover,7,전남,진도,지명 확인,전남,활동,2026년 8월 진도군 홍보모델로 재위촉되어 명량대첩축제 등 
송가인,spillover,16,전남,진도,지명 확인,전남,활동,"진도군이 송가인을 홍보모델로 재위촉, 명량대첩"
송가인,spillover,17,전남,전라남도,지명 확인,전남,활동,전라남도가 송가인을 '2025 국제농업박람회'
송가인,spillover,19,경북,울릉,지명 확인,경북,활동,제24회 울릉도 오징어축제 개막식에서 송가인이 호소력 
송가인,spillover,21,경북,울릉,지명 확인,경북,활동,송가인이 경상북도 울릉군 저동항에서 열린 제24회 울릉도 오징어
송가인,spillover,23,서울,서울,불확실,서울,활동,"022년 전국투어 콘서트 '연가'로 서울에 이어 대구(6월 4일, 대구 엑스코),"
송가인,spillover,23,대구,대구,지명 확인,대구,활동,"투어 콘서트 '연가'로 서울에 이어 대구(6월 4일, 대구 엑스코), 전주(6월 "
송가인,spillover,23,전북,전주,불확실,전북,활동," 대구(6월 4일, 대구 엑스코), 전주(6월 11일, 한국소리문화의전당) 등 지"
송가인,spillover,24,전남,진도,지명 확인,전남,활동,2)에 가수 송가인 역으로 특별출연(진도 다시래기 소재)
송가인,spillover,33,전남,전라남도|진도,지명 확인,전남,활동,"이 2026년 8월 18일 전라남도 진도군 홍보모델로 재위촉됐으며, 첫 공식 행보"
송가인,spillover,34,전남,전남|전라남도,지명 확인,전남,활동,창농타운에서 열린 위촉식에서 김영록 전남도지사로부터 2025 국제농업박람회 공식 
송가인,spillover,35,광주,광주,지명 확인,광주,기타,"0%가량 증가했고, 그동안 96%가 광주·전남에서만 판매되던 제품에 타 지역 주문"
송가인,spillover,35,전남,전남,지명 확인,전남,기타, 송가인이 광고 모델로 기용된 이후 전남 지역 소주 브랜드 '잎새주'의 1월 매출
송가인,spillover,36,전남,진도,지명 확인,전남,연고,저널 보도에 따르면 송가인의 고향인 진도군 방문객 수가 2018년 73만1397명
송가인,spillover,41,전남,전라남도|진도,지명 확인,전남,기타,전라남도 진도군이 송가인을 진도 홍보모델로 재위촉했다(
송가인,spillover,42,전남,전라남도,지명 확인,전남,활동,전라남도가 송가인을 2025 국제농업박람회 홍
송가인,spillover,50,전남,전남|진도,지명 확인,전남,연고,백과에 따르면 2020년 8월 고향 전남 진도군의 임회면~지산면 2km 구간 도로
영탁,loyalty,22,서울,서울,지명 확인,서울,활동,"영탁, 2026년 5월 2~3일 서울 장충체육관에서 열린 팬콘서트 'YOUNG"
영탁,loyalty,24,서울,서울,지명 확인,서울,활동,2026년 5월 서울 장충체육관에서 열린 팬콘서트 '영원파크 
영탁,loyalty,29,서울,서울,지명 확인,서울,활동, 단독 콘서트 'TAK SHOW5' 서울 시작 전국투어(전주·대구·인천·부산)
영탁,loyalty,29,부산,부산,지명 확인,부산,활동,서울 시작 전국투어(전주·대구·인천·부산)
영탁,loyalty,29,대구,대구,지명 확인,대구,활동,HOW5' 서울 시작 전국투어(전주·대구·인천·부산)
영탁,loyalty,29,인천,인천,지명 확인,인천,활동,5' 서울 시작 전국투어(전주·대구·인천·부산)
영탁,loyalty,29,전북,전주,지명 확인,전북,활동,K SHOW5' 서울 시작 전국투어(전주·대구·인천·부산)
영탁,loyalty,30,경북,경북,지명 확인,경북,연고,영탁은 고향인 경북 안동에 대한 애정을 드러내며 안동 지역 
영탁,loyalty,36,경북,포항,지명 확인,경북,기타,영탁 팬클럽 '포항 하우방'은 지역 이웃돕기 성금 300만원
영탁,spillover,5,서울,서울,불확실,서울,활동,일(한국철도공사) 홍보대사로 위촉돼 서울지하철 개통 50주년·KTX 개통 20주년
영탁,spillover,14,울산,울산,지명 확인,울산,기타,"르트 발휘, 예천양조 영탁 막걸리, 울산 지웰시티 자이, 빙그레 슈퍼콘, 비오틴 "
영탁,spillover,14,경북,구미,지명 확인,경북,기타,"시티 자이, 빙그레 슈퍼콘, 비오틴 구미, 광동 헛개차, JM솔루션 (with a"
영탁,spillover,18,전북,전북,지명 확인,전북,활동, SBS '우리 동네 전성시대'에서 전북 진안 베이커리 카페 '더 용담'의 홍보부
영탁,spillover,22,전북,전북,지명 확인,전북,활동, 나선다. 첫 번째 프로젝트 지역은 전북특별자치도 진안군이다. SBS '우리동네 
영탁,spillover,34,서울,서울,불확실,서울,활동,자매' OST가 2021년 제16회 서울드라마어워즈에서 수상했다.
영탁,spillover,44,서울,서울,지명 확인,서울,활동,GO' 컴백에 맞춰 10월 3~5일 서울을 시작으로 전주·대구·인천·부산 투어로 
영탁,spillover,44,부산,부산,지명 확인,부산,활동,일 서울을 시작으로 전주·대구·인천·부산 투어로 이어지는 단독 콘서트 'TAK S
영탁,spillover,44,대구,대구,지명 확인,대구,활동,0월 3~5일 서울을 시작으로 전주·대구·인천·부산 투어로 이어지는 단독 콘서트 
영탁,spillover,44,인천,인천,지명 확인,인천,활동,3~5일 서울을 시작으로 전주·대구·인천·부산 투어로 이어지는 단독 콘서트 'TA
영탁,spillover,44,전북,전주,지명 확인,전북,활동,춰 10월 3~5일 서울을 시작으로 전주·대구·인천·부산 투어로 이어지는 단독 콘
영탁,spillover,51,울산,울산,지명 확인,울산,활동,시행사 (주)신영의 아파트 브랜드 '울산 지웰시티 자이'의 광고모델로 발탁되었다.
영탁,spillover,55,울산,울산,지명 확인,울산,활동,영탁이 2020년 GS건설/신영의 '울산 지웰시티 자이' 아파트 분양 광고에 출연
김호중,loyalty,10,충남,충남,지명 확인,충남,활동,2023년 8월 아리스가 충남 지역 복지시설에 선풍기 110대와 앨범을
김호중,loyalty,13,부산,부산,지명 확인,부산,활동, 논란 속에서도 전석 매진됐고 경기·부산·대구 등 전국에서 팬 관광버스가 몰려 인
김호중,loyalty,13,대구,대구,지명 확인,대구,활동, 속에서도 전석 매진됐고 경기·부산·대구 등 전국에서 팬 관광버스가 몰려 인근이 
김호중,loyalty,13,경남,창원,지명 확인,경남,활동,"2024년 5월 창원실내체육관(5,800석) 콘서트가 논란 속"
김호중,loyalty,27,충남,충남,불확실,충남,기타, 여름나기를 위해 선풍기 110대를 충남사회복지공동모금회·충남장애인복지관협회를 통
김호중,loyalty,28,대구,대구,지명 확인,대구,활동,김호중 팬클럽 '아리스' 대구경북 회원들은 어르신을 위한 사랑실천 봉사
김호중,loyalty,28,경북,경북,지명 확인,경북,활동,김호중 팬클럽 '아리스' 대구경북 회원들은 어르신을 위한 사랑실천 봉사활동
김호중,spillover,2,경북,김천,지명 확인,경북,활동,2024년 김천시와 연계한 전국투어 콘서트가 개최된 사례
김호중,spillover,8,서울,서울,지명 확인,서울,기타,2023년 서울가요대상에서 'PANORAMA' 앨범으로 
김호중,spillover,20,대구,대구,지명 확인,대구,활동,아리스 대구경북 지역 회원들이 어르신 대상 사랑실천 
김호중,spillover,20,경북,경북,지명 확인,경북,활동,아리스 대구경북 지역 회원들이 어르신 대상 사랑실천 봉사
김호중,spillover,29,경북,경북|김천,지명 확인,경북,기타,경북 김천시에는 김호중의 이름을 딴 '김호중 
김호중,spillover,30,경북,김천,지명 확인,경북,기타,논란 확산 후 김천시 측은 '소리길' 즉각 철거설은 와전된 
김호중,spillover,31,경북,김천,지명 확인,경북,기타, 2심에서도 실형을 선고받은 뒤에도 김천시의 '김호중 소리길' 철거 검토는 진척 
김호중,spillover,47,서울,서울,불확실,서울,기타,뺑소니 사고 후 검은 양복 차림으로 서울 법정에 출석해 '매우 힘들고 고통스럽다'
김호중,spillover,49,서울,서울,불확실,서울,기타,원(大紀元/Epoch Times)은 서울중앙지법이 김호중에게 음주운전 후 도주 및
김호중,spillover,51,서울,서울,지명 확인,서울,기타, 매체 RBB TODAY는 김호중이 서울구치소에서 한국 유일의 민영 교도소인 경기
이찬원,loyalty,20,인천,인천,불확실,인천,활동,년 콘서트 '찬가: 찬란한 하루'가 인천 등 전국 및 해외(도시별) 투어로 확대 
이찬원,loyalty,22,대구,대구,지명 확인,대구,연고,'로 불리며 KBS '전국노래자랑' 대구 남구 편에 초대가수로 출연해 고향 대구에
이찬원,loyalty,23,대구,대구,지명 확인,대구,연고,'대구의 아들' 이찬원은 '전국노래자랑' 대구 
이찬원,loyalty,30,서울,서울,불확실,서울,활동,이찬원 팬클럽 '서울찬스LCW.SC'는 데뷔 6주년을 기념해 
이찬원,loyalty,32,서울,서울,지명 확인,서울,활동,에서 열린 '찬스타임' 앵콜 콘서트 서울 공연은 티켓 오픈 1분 만에 2회차 공연
이찬원,loyalty,33,서울,서울,지명 확인,서울,활동,: 찬란한 하루'가 5월 9~10일 서울 송파구 KSPO DOME 앵콜 공연으로 
이찬원,spillover,5,서울,서울,불확실,서울,활동, 도시 투어에 이어 2026년 5월 서울 앙코르 콘서트를 여는 등 흥행력이 확장되
이찬원,spillover,22,경남,경남,불확실,경남,연고,"보 보도(2025년 3월), 출생지(경남) 피해에 대한 지역사회 지원 사례"
이찬원,spillover,27,충남,보령,지명 확인,충남,활동,2026 보령머드축제 K-POP SUPER LIVE 무
이찬원,spillover,54,서울,서울,지명 확인,서울,활동,"인스파이어 아레나에서 열린 제35회 서울가요대상에서 트로트 부문상, 본상, 인기상"
이찬원,spillover,54,인천,인천,불확실,인천,활동,이찬원이 2026년 6월 20일 인천 인스파이어 아레나에서 열린 제35회 서울
이찬원,spillover,55,전남,전남,지명 확인,전남,활동,30일 이태원 참사 국가애도기간 중 전남 화순 축제 무대에서 이찬원이 애도 차원에
장윤정,loyalty,1,경기,안산,불확실,경기,활동,2022~2023년 김해·안동·안산·경주 등 전국투어 콘서트가 모두 '판매종
장윤정,loyalty,1,경북,경주,불확실,경북,활동,2022~2023년 김해·안동·안산·경주 등 전국투어 콘서트가 모두 '판매종료'로
장윤정,loyalty,1,경남,김해,불확실,경남,활동,2022~2023년 김해·안동·안산·경주 등 전국투어 콘서트가 모
장윤정,loyalty,8,경기,성남,지명 확인,경기,활동,2025~2026년에도 안양·성남 등 전국 각지에서 콘서트 'THE MAS
장윤정,loyalty,12,인천,인천,불확실,인천,활동,'THE MASTER'를 안양·대전·인천·성남 등 다수 도시에서 연이어 개최해 트
장윤정,loyalty,12,대전,대전,불확실,대전,활동,서트 'THE MASTER'를 안양·대전·인천·성남 등 다수 도시에서 연이어 개최
장윤정,loyalty,12,경기,성남,불확실,경기,활동,E MASTER'를 안양·대전·인천·성남 등 다수 도시에서 연이어 개최해 트로트 
장윤정,loyalty,19,인천,인천,불확실,인천,활동,브 콘서트 〈THE MASTER〉가 인천·안양·대전·성남 등 전국 각지에서 순회 
장윤정,loyalty,19,대전,대전,불확실,대전,활동,〈THE MASTER〉가 인천·안양·대전·성남 등 전국 각지에서 순회 공연으로 티
장윤정,loyalty,19,경기,성남,불확실,경기,활동,E MASTER〉가 인천·안양·대전·성남 등 전국 각지에서 순회 공연으로 티켓 오
장윤정,loyalty,23,부산,부산,지명 확인,부산,활동,장윤정은 2024년 3월 2일 부산 KBS홀에서 낮·저녁 2회에 걸쳐 '20
장윤정,loyalty,24,인천,인천,지명 확인,인천,활동,장윤정의 인천 송도컨벤시아 콘서트를 관람한 한 팬은 후
장윤정,loyalty,26,경기,성남,불확실,경기,활동,르면 장윤정이 2026년 9월 5일 성남아트센터 오페라하우스에서 라이브 콘서트 <
장윤정,spillover,18,서울,서울,불확실,서울,활동,"누.나.쇼'(2025년 6월 7일, 서울 블루스퀘어)를 열어 고영태·김중연 등 후"
장윤정,spillover,56,서울,서울,불확실,서울,활동,에 따르면 장윤정은 2007년 3월 서울올림픽홀 공연을 시작으로 오사카·후쿠오카·
장윤정,spillover,58,경기,경기도,지명 확인,경기,활동, 2026년 8월 28일 오후 4시 경기도 장애인 생활체육대회 개회식 무대에 올라
장윤정,spillover,63,인천,인천,지명 확인,인천,활동,2024년 8월 31일 인천 페스티벌 공연 립싱크 의혹에 소속사가 M
정동원,loyalty,23,경남,경남,지명 확인,경남,활동,동' 정동원은 미스터트롯 활동 당시 경남 하동군 홍보대사로 위촉됐다.
정동원,loyalty,28,경남,경남,지명 확인,경남,연고,정동원이 2020년 경남 하동군 홍보대사로 위촉되어 고향 지역 홍
정동원,loyalty,29,경남,경남,지명 확인,경남,연고,정동원이 2023년 경남 하동군 고향사랑기부제 1호 최고액 기부자
정동원,loyalty,30,경남,경남,불확실,경남,활동,'트로트 신동' 정동원이 경남 하동 홍보대사로 위촉돼 지역 홍보를 이어
정동원,loyalty,31,경남,경남,지명 확인,경남,연고,정동원이 경남 하동군 고향사랑기부에 최고액으로 동참하며
정동원,loyalty,38,서울,서울,지명 확인,서울,기타,주총동원'은 2026년 7월 19일 서울숲 K-POP공원에서 서울국제정원박람회 기
정동원,loyalty,43,서울,서울,지명 확인,서울,활동,막 단독 콘서트 '동화' 전국투어는 서울·부산·대구·성남·대전 등 7개 도시에서 
정동원,loyalty,43,부산,부산,지명 확인,부산,활동,독 콘서트 '동화' 전국투어는 서울·부산·대구·성남·대전 등 7개 도시에서 열려 
정동원,loyalty,43,대구,대구,지명 확인,대구,활동,서트 '동화' 전국투어는 서울·부산·대구·성남·대전 등 7개 도시에서 열려 총 3
정동원,loyalty,43,대전,대전,지명 확인,대전,활동,"' 전국투어는 서울·부산·대구·성남·대전 등 7개 도시에서 열려 총 3만5,000"
정동원,loyalty,43,경기,성남,지명 확인,경기,활동,"'동화' 전국투어는 서울·부산·대구·성남·대전 등 7개 도시에서 열려 총 3만5,"
정동원,spillover,18,경남,경남,지명 확인,경남,연고,정동원의 고향인 경남 하동군은 2020년 5월 그를 기념해 3
정동원,spillover,28,부산,부산,지명 확인,부산,활동,정동원의 '동화' 콘서트 전국투어가 부산 벡스코 오디토리움에서 열려 지방 팬들과 
정동원,spillover,29,부산,부산,지명 확인,부산,활동,정동원 '동화' 콘서트 전국투어가 부산-대구-인천-수원 등 6개 지방 도시에서 
정동원,spillover,29,대구,대구,지명 확인,대구,활동,원 '동화' 콘서트 전국투어가 부산-대구-인천-수원 등 6개 지방 도시에서 예고되
정동원,spillover,29,인천,인천,지명 확인,인천,활동,동화' 콘서트 전국투어가 부산-대구-인천-수원 등 6개 지방 도시에서 예고되며 순
정동원,spillover,29,경기,수원,지명 확인,경기,활동, 콘서트 전국투어가 부산-대구-인천-수원 등 6개 지방 도시에서 예고되며 순회공연
정동원,spillover,30,대구,대구,지명 확인,대구,활동,"정동원이 대구 콘서트를 성료하며 ""광주에서 만나요""라고"
정동원,spillover,30,광주,광주,지명 확인,광주,활동,"정동원이 대구 콘서트를 성료하며 ""광주에서 만나요""라고 언급, 지방 순회공연을 "
김연자,loyalty,0,광주,광주,지명 확인,광주,연고, '모아나'는 2026년 1월 고향 광주 남구에서 열린 김연자 노래비 제막식을 기
김연자,loyalty,2,서울,서울,불확실,서울,활동,데뷔 50주년을 맞아 2024년 서울·광주·안산 등에서 기념 콘서트 '블링블링
김연자,loyalty,2,광주,광주,불확실,광주,활동,뷔 50주년을 맞아 2024년 서울·광주·안산 등에서 기념 콘서트 '블링블링 아모
김연자,loyalty,2,경기,안산,지명 확인,경기,활동,0주년을 맞아 2024년 서울·광주·안산 등에서 기념 콘서트 '블링블링 아모르파티
김연자,loyalty,4,서울,서울,불확실,서울,활동,1988년 서울올림픽 폐회식에서 약 10만 명 관중 앞에
김연자,loyalty,10,전남,목포,불확실,전남,활동,목포 공생원 등에서 50차례 자선공연을 열어 
김연자,loyalty,16,광주,광주,지명 확인,광주,활동,팬클럽 '모아나'가 광주 남구 사직동 '아모르파티' 노래비 제막식
김연자,loyalty,17,부산,부산,불확실,부산,활동,김연자는 2025년 6월 부산대학교에 두 번째로 1000만원을 기부했다
김연자,loyalty,18,전남,목포,불확실,전남,활동, 자선 콘서트를 열어 모은 기금으로 목포 공생원 보육원에 '사랑의 콘서트홀'을 건
김연자,loyalty,20,서울,서울,불확실,서울,기타,"첫 일본 데뷔를 했으며, 1988년 서울올림픽 폐회식에서 10만 관중 앞에 부른 "
김연자,spillover,0,광주,광주,지명 확인,광주,연고,고향 광주 남구에 '아모르파티' 가사를 새긴 노래비
김연자,spillover,1,부산,부산,지명 확인,부산,활동,부산·대구·광주·인천·수원·전주 등 전국 문화
김연자,spillover,1,대구,대구,지명 확인,대구,활동,부산·대구·광주·인천·수원·전주 등 전국 문화예술회
김연자,spillover,1,인천,인천,지명 확인,인천,활동,부산·대구·광주·인천·수원·전주 등 전국 문화예술회관·컨벤션센
김연자,spillover,1,광주,광주,지명 확인,광주,활동,부산·대구·광주·인천·수원·전주 등 전국 문화예술회관·컨
김연자,spillover,1,경기,수원,불확실,경기,활동,부산·대구·광주·인천·수원·전주 등 전국 문화예술회관·컨벤션센터를 
김연자,spillover,1,전북,전주,불확실,전북,활동,부산·대구·광주·인천·수원·전주 등 전국 문화예술회관·컨벤션센터를 순회하
김연자,spillover,19,광주,광주,지명 확인,광주,활동,광주 남구가 무등산 서석대 모양(가로 200c
김연자,spillover,20,서울,서울,지명 확인,서울,연고,"2021년 서울 은평구 홍보대사로 임명됐고, 고향인 광주"
김연자,spillover,20,광주,광주,지명 확인,광주,연고,"은평구 홍보대사로 임명됐고, 고향인 광주광역시와도 지속적으로 교류하며 지역 홍보에"
김연자,spillover,23,전남,목포|전남,불확실,전남,활동,전남 목포 공생원을 위해 한일 양국에서 자선 
김연자,spillover,26,부산,부산,불확실,부산,활동,부산대 총학생회가 트로트 가수 김연자를 초청 
김연자,spillover,27,부산,부산,지명 확인,부산,활동,2018년 부산대 축제에서 예산 부족으로 아이돌 대신 김
김연자,spillover,38,서울,서울,지명 확인,서울,활동,김연자는 2021년 9월 서울 은평구 홍보대사로 임명되어 지자체 홍보 
김연자,spillover,45,서울,서울,불확실,서울,활동,"서 김연자를 중심 인물로 소개하며, 서울올림픽 테마곡의 일본어 버전으로 일본 무대"
나훈아,loyalty,0,서울,서울,지명 확인,서울,활동,2019년 서울 공연 티켓 3만 석이 예매 개시 8분 만
나훈아,loyalty,1,부산,부산,지명 확인,부산,활동,2020년 12월 부산 공연 티켓도 판매 시작 8분 만에 매진되
나훈아,loyalty,2,서울,서울,지명 확인,서울,활동,"앞둔 '고마웠습니다-라스트 콘서트' 서울 공연은 6만 석이 5분 만에 매진됐고, "
나훈아,loyalty,11,부산,부산,지명 확인,부산,활동, '고마웠습니다'가 인천·대구·광주·부산 등 전 지역에서 매진 행진을 이어갔다.
나훈아,loyalty,11,대구,대구,지명 확인,대구,활동,년 전국투어 '고마웠습니다'가 인천·대구·광주·부산 등 전 지역에서 매진 행진을 
나훈아,loyalty,11,인천,인천,지명 확인,인천,활동,025년 전국투어 '고마웠습니다'가 인천·대구·광주·부산 등 전 지역에서 매진 행
나훈아,loyalty,11,광주,광주,지명 확인,광주,활동,국투어 '고마웠습니다'가 인천·대구·광주·부산 등 전 지역에서 매진 행진을 이어갔
나훈아,loyalty,12,서울,서울,불확실,서울,활동,2025년 1월 서울 KSPO돔 고별 콘서트(1.10~1.12
나훈아,loyalty,22,서울,서울,지명 확인,서울,활동,나훈아의 2019년 5월 서울 공연 티켓 3만 석이 예매 오픈 8분 만
나훈아,loyalty,23,서울,서울,지명 확인,서울,활동,"4년 '고마웠습니다-라스트 콘서트'(서울 KSPO DOME, 총 5회) 티켓이 예"
나훈아,loyalty,25,서울,서울,지명 확인,서울,활동,"024 고마웠습니다-라스트 콘서트'(서울 올림픽체조경기장, 5회 공연) 티켓은 예"
나훈아,loyalty,26,부산,부산,지명 확인,부산,연고, '라스트 콘서트' 투어에서 고향인 부산을 찾아 공연을 열었다.
나훈아,loyalty,27,서울,서울,지명 확인,서울,활동,"024 고마웠습니다-라스트 콘서트' 서울 공연(2025년 1월 10~12일, KS"
나훈아,loyalty,29,대구,대구,지명 확인,대구,활동, 2월 코로나19 확산 방지를 위해 대구에 3억원을 익명으로 기부했다.
나훈아,loyalty,30,서울,서울,지명 확인,서울,활동,나훈아의 2017년 서울·부산·대구 콘서트 티켓은 7~10분 만에
나훈아,loyalty,30,부산,부산,지명 확인,부산,활동,나훈아의 2017년 서울·부산·대구 콘서트 티켓은 7~10분 만에 매진
나훈아,loyalty,30,대구,대구,지명 확인,대구,활동,나훈아의 2017년 서울·부산·대구 콘서트 티켓은 7~10분 만에 매진됐다.
나훈아,loyalty,31,서울,서울,지명 확인,서울,활동,나훈아의 2019년 5월 서울 공연은 3만 장의 티켓이 8분 만에 매진
나훈아,spillover,0,인천,인천,불확실,인천,활동, 2025년 1월까지 약 10개월간 인천·청주·울산·창원 등 전국 주요 도시를 순
나훈아,spillover,0,울산,울산,불확실,울산,활동, 1월까지 약 10개월간 인천·청주·울산·창원 등 전국 주요 도시를 순회하며 진행
나훈아,spillover,0,충북,청주,불확실,충북,활동,25년 1월까지 약 10개월간 인천·청주·울산·창원 등 전국 주요 도시를 순회하며
나훈아,spillover,0,경남,창원,불확실,경남,활동,까지 약 10개월간 인천·청주·울산·창원 등 전국 주요 도시를 순회하며 진행돼 지
나훈아,spillover,3,서울,서울,지명 확인,서울,활동,시작한 은퇴 투어가 인천을 시작으로 서울·대구·부산까지 확장되며 트로트 장르 전반
나훈아,spillover,3,부산,부산,지명 확인,부산,활동, 투어가 인천을 시작으로 서울·대구·부산까지 확장되며 트로트 장르 전반에 대한 대
나훈아,spillover,3,대구,대구,지명 확인,대구,활동, 은퇴 투어가 인천을 시작으로 서울·대구·부산까지 확장되며 트로트 장르 전반에 대
나훈아,spillover,3,인천,인천,지명 확인,인천,활동,77세에 시작한 은퇴 투어가 인천을 시작으로 서울·대구·부산까지 확장되며 
나훈아,spillover,32,부산,부산,불확실,부산,활동,"아'는 전국 평균 시청률 29.0%(부산 38.0%, 대구·구미 36.9%)를 기"
나훈아,spillover,32,대구,대구,지명 확인,대구,활동,"시청률 29.0%(부산 38.0%, 대구·구미 36.9%)를 기록했다."
나훈아,spillover,32,경북,구미,지명 확인,경북,활동," 29.0%(부산 38.0%, 대구·구미 36.9%)를 기록했다."
나훈아,spillover,33,인천,인천,지명 확인,인천,활동,는 나훈아가 2024년 4월 27일 인천 송도컨벤시아 전국투어 첫 공연에서 '이제
god,loyalty,1,서울,서울,지명 확인,서울,활동,12월 데뷔 26주년 완전체 콘서트(서울 3회·부산 2회 총 5회)가 전석 매진되
god,loyalty,1,부산,부산,불확실,부산,활동, 26주년 완전체 콘서트(서울 3회·부산 2회 총 5회)가 전석 매진되어 언론이 
god,loyalty,4,서울,서울,불확실,서울,활동,인원이 많아 3일에 걸쳐 진행되거나 서울종합운동장에서 개최될 정도로 규모가 컸다
god,loyalty,5,서울,서울,불확실,서울,활동,데뷔 25주년인 2024년 9월 서울 올림픽공원에서 연 단독 콘서트 'CHAP
god,loyalty,9,인천,인천,불확실,인천,활동,"2시 티켓링크 예매 개시 3분 만에 인천 무료 콘서트(정원 51,900명) 티켓이"
god,loyalty,11,서울,서울,불확실,서울,활동,2025년 12월 서울·부산 'ICONIC BOX' 콘서트 5회
god,loyalty,11,부산,부산,불확실,부산,활동,2025년 12월 서울·부산 'ICONIC BOX' 콘서트 5회 공연
god,loyalty,13,서울,서울,불확실,서울,활동,"2023년 11월 서울, 12월 대구·부산에서 열린 'god's"
god,loyalty,13,부산,부산,지명 확인,부산,활동,"023년 11월 서울, 12월 대구·부산에서 열린 'god's MASTERPIEC"
god,loyalty,13,대구,대구,지명 확인,대구,활동,"2023년 11월 서울, 12월 대구·부산에서 열린 'god's MASTERP"
god,loyalty,19,서울,서울,불확실,서울,활동,"완전체 콘서트(ICONIC BOX, 서울 KSPO돔 12/5~7, 부산 BEXCO"
god,loyalty,19,부산,부산,불확실,부산,활동,"X, 서울 KSPO돔 12/5~7, 부산 BEXCO 12/20~21) 전 5회차 "
god,loyalty,22,서울,서울,불확실,서울,활동,에 완전체로 뭉쳐 2022년 12월 서울 올림픽공원 KSPO돔에서 열린 연말 콘서
god,loyalty,30,서울,서울,지명 확인,서울,활동,서트 'ICONIC BOX'를 열어 서울(체조경기장 3회)과 부산(벡스코) 공연 
god,loyalty,30,부산,부산,불확실,부산,활동,'를 열어 서울(체조경기장 3회)과 부산(벡스코) 공연 모두 전석 매진시켰다.
god,loyalty,39,서울,서울,불확실,서울,활동,말 콘서트 '2022 god ON' 서울(올림픽공원 체조경기장 3일)·부산(벡스코
god,loyalty,39,부산,부산,불확실,부산,활동, 서울(올림픽공원 체조경기장 3일)·부산(벡스코 2일) 공연이 4년 만의 완전체 
god,loyalty,41,서울,서울,지명 확인,서울,활동,"데뷔 26주년 기념 완전체 콘서트가 서울 3회(올림픽공원 KSPO DOME), 부"
god,loyalty,41,부산,부산,불확실,부산,활동,"회(올림픽공원 KSPO DOME), 부산 2회(벡스코) 등 총 5회 공연 전석 매"
god,loyalty,43,서울,서울,지명 확인,서울,기타, 부문 1위를 차지했고 이를 기념해 서울 전역 CU 편의점 1000여 곳에 광고가
god,spillover,14,서울,서울,불확실,서울,활동," 콘서트 'MASTERPIECE'가 서울뿐 아니라 부산, 대구에서도 열려 전 지역"
god,spillover,14,부산,부산,지명 확인,부산,활동,"STERPIECE'가 서울뿐 아니라 부산, 대구에서도 열려 전 지역에서 매진을 기"
god,spillover,14,대구,대구,지명 확인,대구,활동,"PIECE'가 서울뿐 아니라 부산, 대구에서도 열려 전 지역에서 매진을 기록했다."
god,spillover,33,인천,인천,지명 확인,인천,활동," 50년, god 25년' 기획으로 인천 송도 달빛축제공원에서 야외 무료 콘서트가"
god,spillover,35,서울,서울,지명 확인,서울,활동, 예정이라 밝혔고 7월 12~13일 서울에서 콘서트가 열린다고 보도했다.
god,spillover,44,서울,서울,불확실,서울,활동,·헨리 등이 참여했으며 1월 13일 서울 올림픽체조경기장에서 기념 콘서트를 연다고
god,spillover,45,서울,서울,불확실,서울,활동,"참사 기부 싱글과 정규 8집, 7월 서울 잠실 15주년 콘서트를 예고했다고 보도했"
god,spillover,46,대구,대구,지명 확인,대구,활동,코리아부는 2023년 12월 23일 대구 콘서트에서 영하의 추위 속 장시간 야외 
HOT,loyalty,22,서울,서울,불확실,서울,활동,H.O.T.는 2001년 서울올림픽주경기장에서 8만석 규모의 콘서트 티
HOT,loyalty,24,서울,서울,지명 확인,서울,활동,~14일 17년 만의 단독 콘서트를 서울 잠실종합운동장 주경기장에서 열어 2회 공
HOT,loyalty,31,서울,서울,불확실,서울,활동,five Of Teenagers'는 서울올림픽주경기장에서 약 5만여 명을 동원했으
HOT,loyalty,32,인천,인천,불확실,인천,활동,H.O.T.는 2025년 11월 인천 인스파이어 아레나에서 열린 한터 뮤직 페
HOT,loyalty,33,서울,서울,지명 확인,서울,활동,주년을 기념해 2026년 9월 5일 서울 강서구 KOMCA홀에서 'H.O.T. 3
HOT,spillover,4,서울,서울,불확실,서울,활동,1999년 한국 가수 최초로 서울올림픽체조경기장 단독 콘서트를 개최했다
HOT,spillover,11,인천,인천,지명 확인,인천,활동, 11월22~23일 한터뮤직페스티벌(인천 영종도 인스파이어 아레나)에서 2019년
HOT,spillover,18,인천,인천,지명 확인,인천,활동,T.가 해체 후 6년 만에 완전체로 인천 영종도에서 콘서트를 열고 팬들과 만난다.
HOT,spillover,39,서울,서울,불확실,서울,활동,H.O.T.는 한국 최초로 서울올림픽주경기장 단독 콘서트를 허가받기까지 
HOT,spillover,49,서울,서울,지명 확인,서울,활동,2025년 8월 서울월드컵경기장에서 열릴 예정이던 한터뮤직페스
HOT,spillover,50,인천,인천,불확실,인천,활동,2025년 11월 인천 인스파이어 아레나에서 열린 한터뮤직페스티
잭스키스,loyalty,4,서울,서울,불확실,서울,활동,2018년 10월 서울 올림픽체조경기장에서 열린 재결합 콘서트 
잭스키스,loyalty,16,서울,서울,지명 확인,서울,활동,"젝스키스 서울 콘서트 2만석 전석 매진, 티켓을 구하지"
잭스키스,loyalty,16,부산,부산,지명 확인,부산,활동,", 티켓을 구하지 못한 팬들이 대구·부산 지방 투어로 몰리며 티켓 경쟁 심화"
잭스키스,loyalty,16,대구,대구,지명 확인,대구,활동," 매진, 티켓을 구하지 못한 팬들이 대구·부산 지방 투어로 몰리며 티켓 경쟁 심화"
잭스키스,loyalty,20,부산,부산,지명 확인,부산,연고,고 온라인 모금을 통해 그의 고향인 부산 감천1동의 저소득 가정 30가구에 선풍기
잭스키스,loyalty,22,부산,부산,지명 확인,부산,연고,키스 팬클럽이 멤버 김재덕의 고향인 부산광역시 사하구 감천동 주민들에게 선풍기 3
잭스키스,loyalty,23,부산,부산,지명 확인,부산,활동,부산원아시아페스티벌 젝스키스 무대에서 관객석이
잭스키스,loyalty,27,부산,부산,지명 확인,부산,연고,온라인으로 비용을 모아 그의 고향인 부산 감천동 저소득 가정 30가구에 선풍기 3
잭스키스,loyalty,29,광주,광주,지명 확인,광주,활동,12월 9일 20주년 기념 전국투어 광주 공연에서 팬클럽 회원들이 쌀 520kg이
잭스키스,loyalty,30,서울,서울,지명 확인,서울,활동," 후 5시간 만에 팬 5,808명이 서울월드컵경기장에 모여 16년 만의 재회를 함"
잭스키스,loyalty,33,서울,서울,불확실,서울,활동,젝스키스는 2016년 9월 서울 올림픽공원 체조경기장에서 재결합 콘서트 
잭스키스,loyalty,36,부산,부산,지명 확인,부산,활동,부산원아시아페스티벌 젝스키스 무대를 보기 위해
잭스키스,spillover,13,부산,부산,지명 확인,부산,활동,젝스키스가 대구와 부산에서 콘서트를 열어 지방 팬들과 만났다.
잭스키스,spillover,13,대구,대구,지명 확인,대구,활동,젝스키스가 대구와 부산에서 콘서트를 열어 지방 팬들과 만
잭스키스,spillover,14,부산,부산,불확실,부산,활동,젝스키스가 부산 벡스코(BEXCO)에서 크리스마스 시즌 
잭스키스,spillover,15,부산,부산,지명 확인,부산,활동,젝스키스가 부산원아시아페스티벌 개막 공연 마지막 무대에 
잭스키스,spillover,16,부산,부산,지명 확인,부산,활동,만에 음악방송 무대에 선 젝스키스가 부산원아시아페스티벌 개막 공연에서 완벽한 무대
잭스키스,spillover,18,경기,수원,불확실,경기,기타,"스키스(은지원, 이재진, 김재덕, 장수원)가 데뷔 기념일에 맞춰 KT Seezn "
잭스키스,spillover,25,경기,수원,불확실,경기,기타,", 채널에는 은지원·이재진·김재덕·장수원 4인 체제 활동 정보가 게시되어 있다."
잭스키스,spillover,27,충북,충북,불확실,충북,연고,스(젝스키스) 출신 강성훈이 이어서 충북 마약퇴치운동본부 홍보대사로 추가 위촉되어
잭스키스,spillover,30,서울,서울,지명 확인,서울,활동," MBC '무한도전' 출연을 계기로 서울월드컵경기장에서 게릴라 콘서트를 열었고, "
잭스키스,spillover,31,서울,서울,불확실,서울,활동," 데뷔 첫해 대한민국 영상음반대상, 서울가요대상, KBS 가요대상 등 주요 시상식"
잭스키스,spillover,33,서울,서울,지명 확인,서울,활동," 시상식에서 남자그룹 퍼포먼스상을, 서울가요대상에서 본상을 수상했다."
잭스키스,spillover,40,부산,부산,지명 확인,부산,활동,8월 동료 멤버 토니안이 방송에서 '부산에서 별거 후 지내고 있다'고 근황을 공개
잭스키스,spillover,41,경남,남해,불확실,경남,기타,"孩)""(한국 남자 그룹 젝스키스(수정남해))로 표기되어 있다."
보아,loyalty,9,서울,서울,불확실,서울,활동,년 맞아 2025년 8월30~31일 서울 잠실실내체육관에서 공식 팬클럽 '점핑보아
보아,loyalty,13,서울,서울,불확실,서울,기타,재하며 일본 팬덤명은 영어 단어와 '서울'의 이중적 의미를 담아 한국 정체성과의 
보아,loyalty,27,서울,서울,불확실,서울,활동,기념해 2025년 8월 30~31일 서울 잠실실내체육관에서 팬클럽 '점핑보아'와 
보아,spillover,34,서울,서울,지명 확인,서울,활동,보아는 2003년 2월 서울특별시 홍보대사로 위촉되어 서울을 알리는 
보아,spillover,41,서울,서울,불확실,서울,활동,일본 매체 스포츠서울 일본판(sportsseoulweb.jp)
싸이,loyalty,4,부산,부산,지명 확인,부산,활동, 의정부·대전·과천·속초·수원·대구·부산·광주 등 9개 도시 16회차로 진행되었으
싸이,loyalty,4,대구,대구,지명 확인,대구,활동,작으로 의정부·대전·과천·속초·수원·대구·부산·광주 등 9개 도시 16회차로 진행
싸이,loyalty,4,인천,인천,지명 확인,인천,활동,mmer Swag 2025' 투어는 인천 아시아드 주경기장을 시작으로 의정부·대전
싸이,loyalty,4,광주,광주,지명 확인,광주,활동,"부·대전·과천·속초·수원·대구·부산·광주 등 9개 도시 16회차로 진행되었으며, "
싸이,loyalty,4,대전,대전,불확실,대전,활동,아시아드 주경기장을 시작으로 의정부·대전·과천·속초·수원·대구·부산·광주 등 9개
싸이,loyalty,4,경기,수원|의정부,지명 확인,경기,활동,을 시작으로 의정부·대전·과천·속초·수원·대구·부산·광주 등 9개 도시 16회차로
싸이,loyalty,4,강원,속초,지명 확인,강원,활동,경기장을 시작으로 의정부·대전·과천·속초·수원·대구·부산·광주 등 9개 도시 16
싸이,loyalty,14,서울,서울,지명 확인,서울,활동,27일 의정부를 시작으로 대구·인천·서울대공원·원주·수원·광주·부산·대전 등 9개
싸이,loyalty,14,부산,부산,불확실,부산,활동,구·인천·서울대공원·원주·수원·광주·부산·대전 등 9개 도시에서 총 14회 공연으
싸이,loyalty,14,대구,대구,지명 확인,대구,활동,어가 6월 27일 의정부를 시작으로 대구·인천·서울대공원·원주·수원·광주·부산·대
싸이,loyalty,14,인천,인천,지명 확인,인천,활동,6월 27일 의정부를 시작으로 대구·인천·서울대공원·원주·수원·광주·부산·대전 등
싸이,loyalty,14,광주,광주,불확실,광주,활동,로 대구·인천·서울대공원·원주·수원·광주·부산·대전 등 9개 도시에서 총 14회 
싸이,loyalty,14,대전,대전,불확실,대전,활동,천·서울대공원·원주·수원·광주·부산·대전 등 9개 도시에서 총 14회 공연으로 확
싸이,loyalty,14,경기,수원|의정부,지명 확인,경기,활동,시작으로 대구·인천·서울대공원·원주·수원·광주·부산·대전 등 9개 도시에서 총 1
싸이,loyalty,14,강원,원주,불확실,강원,활동,부를 시작으로 대구·인천·서울대공원·원주·수원·광주·부산·대전 등 9개 도시에서 
싸이,loyalty,15,강원,속초,지명 확인,강원,활동,"2025년 8월 속초 공연에 총 2만3,855명이 운집했고 이"
싸이,loyalty,20,부산,부산,지명 확인,부산,활동,싸이가 2025년 부산에서 열리는 전국체육대회 및 전국장애인체육
싸이,loyalty,27,서울,서울,지명 확인,서울,활동,8년 싸이의 '흠뻑쇼'는 부산·대구·서울·대전·인천·광주 등 6개 도시 8회 공연
싸이,loyalty,27,부산,부산,지명 확인,부산,활동,2018년 싸이의 '흠뻑쇼'는 부산·대구·서울·대전·인천·광주 등 6개 도시
싸이,loyalty,27,대구,대구,지명 확인,대구,활동,2018년 싸이의 '흠뻑쇼'는 부산·대구·서울·대전·인천·광주 등 6개 도시 8회
싸이,loyalty,27,인천,인천,불확실,인천,활동, '흠뻑쇼'는 부산·대구·서울·대전·인천·광주 등 6개 도시 8회 공연 티켓 약 
싸이,loyalty,27,광주,광주,불확실,광주,활동,뻑쇼'는 부산·대구·서울·대전·인천·광주 등 6개 도시 8회 공연 티켓 약 20만
싸이,loyalty,27,대전,대전,지명 확인,대전,활동,싸이의 '흠뻑쇼'는 부산·대구·서울·대전·인천·광주 등 6개 도시 8회 공연 티켓
싸이,spillover,0,경기,의정부,지명 확인,경기,활동,2025년 흠뻑쇼 의정부 공연은 관객 약 3만3천 명을 모으며 
싸이,spillover,1,강원,속초,지명 확인,강원,활동,"2025년 흠뻑쇼 속초 공연은 관객 2만3,855명 중 약 88"
싸이,spillover,1,전북,전주,일반어·비지명,,활동,", 하루 소비 금액이 약 75억 원(전주 대비 25% 이상 증가)에 달했다"
싸이,spillover,2,강원,원주,지명 확인,강원,활동,원주시 등 지자체들이 '흠뻑쇼' 유치를 통해 
싸이,spillover,13,강원,속초,지명 확인,강원,활동,"2025년 7월26일 속초 흠뻑쇼 관객 2만3,855명 중 88%가"
싸이,spillover,13,전북,전주,불확실,전북,활동," 콘서트 당일 소비액 75억원 이상(전주比 23%↑), 외지인 22.26%는 24"
싸이,spillover,14,경기,의정부,불확실,경기,기타,2025년 7월5일 의정부 흠뻑쇼(관객 약 3만명)로 지역 경제효
싸이,spillover,21,경기,의정부,불확실,경기,활동,2025년 7월 의정부 흠뻑쇼 공연의 경제효과가 직접소비 약 
싸이,spillover,22,강원,속초,지명 확인,강원,활동,2025년 8월 속초 공연 당일 소비 규모가 약 75억원(전주
싸이,spillover,22,전북,전주,일반어·비지명,,활동,"공연 당일 소비 규모가 약 75억원(전주 대비 25% 이상 증가)에 달했고, 관람"
싸이,spillover,23,서울,서울,지명 확인,서울,활동,2024년 과천 서울대공원 공연 당시 과천시가 공연장 아르바이
싸이,spillover,31,서울,서울,지명 확인,서울,기타,서울 강남구가 싸이의 '강남스타일'을 기념해 
싸이,spillover,32,인천,인천,지명 확인,인천,활동,인천 아시아드주경기장에서 열린 싸이 흠뻑쇼 2
싸이,spillover,49,서울,서울,불확실,서울,활동,싸이는 2015년 6월 30일 서울 용산 국방컨벤션에서 열린 위촉식에서 20
싸이,spillover,49,경북,경북,지명 확인,경북,활동,컨벤션에서 열린 위촉식에서 2015 경북문경 세계군인체육대회 조직위원회의 홍보대사
싸이,spillover,50,부산,부산,지명 확인,부산,활동,싸이는 2025년 10월 부산에서 열리는 전국체육대회 및 전국장애인체육
싸이,spillover,55,부산,부산,지명 확인,부산,활동,쇼 SUMMER SWAG 2026' 부산 공연(8월 15일)에서 발생한 불꽃놀이 
싸이,spillover,57,대구,대구,지명 확인,대구,기타,iM뱅크(대구은행 계열 시중은행 전환 iM금융그룹)가 
싸이,spillover,60,대구,대구,지명 확인,대구,기타,"5년 4월 iM금융그룹·iM뱅크(옛 대구은행, 시중은행 전환 1주년 기념)의 신규"
싸이,spillover,90,서울,서울,지명 확인,서울,기타,불법 처방 의혹으로 2025년 8월 서울에서 경찰 조사를 받았다고 보도했다.
아이유,loyalty,3,서울,서울,불확실,서울,활동,"각 1억 원, 2026년(생일)에는 서울아산병원 등 5개 단체에 총 3억 원을 기"
아이유,loyalty,3,충남,아산,불확실,충남,활동,"1억 원, 2026년(생일)에는 서울아산병원 등 5개 단체에 총 3억 원을 기부했"
아이유,loyalty,8,서울,서울,지명 확인,서울,활동,년 'Real Fantasy' 투어 서울 오픈 공연 티켓이 예매 개시 30분 만에
아이유,loyalty,9,서울,서울,지명 확인,서울,활동,월 'IU HEREH 월드투어' 중 서울월드컵경기장 공연으로 통산 100회차 콘서
아이유,loyalty,10,서울,서울,불확실,서울,활동,2022년 9월 서울올림픽주경기장에서 단독 콘서트를 연 최초의
아이유,loyalty,16,서울,서울,지명 확인,서울,활동,"아이유, 2024년9월 서울월드컵경기장 여성 가수 최초 단독 콘서트,"
아이유,loyalty,21,서울,서울,지명 확인,서울,활동,2024년 서울 4회 공연(약 5만 3000석 규모) '
아이유,loyalty,22,서울,서울,불확실,서울,활동,"나' 명의로 3억 원을 기부했으며, 서울아산병원(1억 원)을 비롯해 함께걷는아이들"
아이유,loyalty,22,충남,아산,불확실,충남,활동," 명의로 3억 원을 기부했으며, 서울아산병원(1억 원)을 비롯해 함께걷는아이들·한"
아이유,loyalty,29,경기,경기도,지명 확인,경기,연고,"아이유가 '제2의 고향'이라 부르는 경기도 양평군에 매년 기부금을 전달해왔으며, "
아이유,loyalty,37,서울,서울,불확실,서울,활동,'유애나'는 데뷔 16주년을 기념해 서울 사랑의열매에 아이유의 데뷔일 기념 숫자인
아이유,loyalty,38,서울,서울,불확실,서울,활동,"팬클럽 유애나와 함께 총 3억 원을 서울아산병원, 함께걷는아이들, 우유배달 봉사단"
아이유,loyalty,38,충남,아산,불확실,충남,활동,"럽 유애나와 함께 총 3억 원을 서울아산병원, 함께걷는아이들, 우유배달 봉사단체,"
아이유,spillover,17,서울,서울,지명 확인,서울,활동,2024년 서울월드컵경기장 앙코르 콘서트(약 10만 70
아이유,spillover,35,인천,인천,지명 확인,인천,활동,유가 2025년 7월 25일 관세청 인천공항본부세관 홍보대사로 위촉되어 위촉식 후
아이유,spillover,48,제주,제주,불확실,제주,기타,제주삼다수는 2020년부터 아이유를 브랜드 모
아이유,spillover,55,제주,제주,불확실,제주,기타,제주삼다수는 2020~2023년 4년 연속 아
아이유,spillover,64,서울,서울,지명 확인,서울,연고,"아이유(본명 이지은, 1993년생, 서울 출신)의 2008년 활동 시작, 2009"
비비,loyalty,1,서울,서울,지명 확인,서울,활동,독 월드투어 'EVE'를 진행했으며 서울 공연은 올림픽공원 올림픽홀에서 3회(5/
비비,loyalty,3,서울,서울,지명 확인,서울,활동,2025년 5월 서울을 시작으로 첫 월드투어 'EVE'를 북미
비비,loyalty,6,서울,서울,지명 확인,서울,활동, 첫 월드투어 'Eve'를 발표했고 서울 공연은 5월 16~18일 올림픽홀에서 열
비비,loyalty,12,서울,서울,불확실,서울,활동,"Eve World Tour' 개최, 서울 올림픽홀 공연으로 개막(5.16-18)"
비비,spillover,8,부산,부산,불확실,부산,기타,영화 '화란'이 칸 영화제와 부산국제영화제에 상영되며 해외 영화계에 소개됐
비비,spillover,18,서울,서울,지명 확인,서울,활동,남서울대학교 축제 공연에서 비비의 비속어 발언에
비비,spillover,23,광주,광주,지명 확인,광주,활동,5월 전북대학교(전주)와 조선대학교(광주) 대학축제에 잇달아 출연
비비,spillover,23,전북,전북|전주,불확실,전북,활동,비비(BIBI)가 2026년 5월 전북대학교(전주)와 조선대학교(광주) 대학축제
비비,spillover,24,광주,광주,지명 확인,광주,활동,비비(BIBI)가 조선대학교(광주) 대학축제에 출연
비비,spillover,28,부산,부산,불확실,부산,활동,으로 제76회 칸 영화제와 제28회 부산국제영화제에 참석했다. 또한 2018년 S
비비,spillover,44,서울,서울,불확실,서울,활동,비비가 '워터밤 서울 2026' 무대에서의 선정성 논란에 대해
비비,spillover,45,울산,울산,지명 확인,울산,연고," 비비(본명 김형서, 1998년생, 울산 출신)의 2019년 5월 15일 'BIN"
윤하,loyalty,5,서울,서울,불확실,서울,활동,데뷔 20주년을 맞아 2024년 서울 블루스퀘어에서 열린 소극장 콘서트(201
윤하,loyalty,10,서울,서울,불확실,서울,활동,"2023년 서울가요대상 발라드상, 서클차트뮤직어워즈 락&"
윤하,loyalty,22,서울,서울,불확실,서울,활동,윤하는 2024년 2월 3~4일 서울 KSPO돔에서 단독 콘서트를 열어 양일 
윤하,loyalty,28,서울,서울,불확실,서울,활동,뷔 20주년 기념 콘서트 '스물'은 서울 KSPO DOME에서 2월 3~4일 이틀
윤하,spillover,3,서울,서울,지명 확인,서울,활동,20주년 기념으로 서울·대전·대구·광주·부산 등 다도시 릴레이 
윤하,spillover,3,부산,부산,지명 확인,부산,활동,"주년 기념으로 서울·대전·대구·광주·부산 등 다도시 릴레이 콘서트 20회, 전시,"
윤하,spillover,3,대구,대구,지명 확인,대구,활동,20주년 기념으로 서울·대전·대구·광주·부산 등 다도시 릴레이 콘서트 20
윤하,spillover,3,광주,광주,지명 확인,광주,활동,"20주년 기념으로 서울·대전·대구·광주·부산 등 다도시 릴레이 콘서트 20회, "
윤하,spillover,3,대전,대전,지명 확인,대전,활동,20주년 기념으로 서울·대전·대구·광주·부산 등 다도시 릴레이 콘서트
윤하,spillover,17,부산,부산,지명 확인,부산,활동,"의 전국투어 콘서트가 인천, 대구, 부산에서 개최되며 20회 릴레이 콘서트의 대미"
윤하,spillover,17,대구,대구,지명 확인,대구,활동,"윤하의 전국투어 콘서트가 인천, 대구, 부산에서 개최되며 20회 릴레이 콘서트"
윤하,spillover,17,인천,인천,지명 확인,인천,활동,"윤하의 전국투어 콘서트가 인천, 대구, 부산에서 개최되며 20회 릴레이"
윤하,spillover,29,부산,부산,지명 확인,부산,활동,윤하는 2023년 부산에서 열린 기후위기 주제의 '제2회 하나뿐
윤하,spillover,32,부산,부산,지명 확인,부산,활동,부산에서 열린 '제2회 하나뿐인 지구영상제'(
윤하,spillover,40,서울,서울,불확실,서울,기타,"크 베스트 솔로 아티스트상, 하이원 서울가요대상 발라드상을 수상했다."
윤하,spillover,47,서울,서울,지명 확인,서울,연고," 윤하(본명 고윤하, 1988년생, 서울 출신)의 2004년 일본 음악활동 시작,"
청하,spillover,24,충북,충북,지명 확인,충북,활동,충북대학교 축제(2025.9.18)에서 청하 
청하,spillover,33,강원,강원|속초,지명 확인,강원,활동,가수 청하가 2025년 8월 강원 속초에서 열린 'WATERBOMB SOK
청하,spillover,34,인천,인천,지명 확인,인천,활동,가수 청하가 2019년 10월 6일 인천아시아드주경기장에서 열린 'SBS 슈퍼콘서
청하,spillover,56,서울,서울,불확실,서울,연고,"체 Arageek이 청하(1996년 서울 출생)의 JYP 연습생 3년, <프로듀스"
최예나,loyalty,4,경북,구미,지명 확인,경북,기타,22년 소속사가 공식 팬클럽명을 '지구미(Jigumi)'로 공식 발표했다.
최예나,loyalty,5,경북,구미,지명 확인,경북,기타,공식 팬클럽명 '지구미'가 2기 모집을 인터파크/NOL 티켓을 
최예나,loyalty,7,경북,구미,지명 확인,경북,기타,"공식 팬덤명은 '지구미', 슬로건은 '봉구미'다"
최예나,loyalty,14,경북,구미,지명 확인,경북,기타,"ial fan club name ""지구미"" (JIGUMI) was announce"
최예나,loyalty,19,경북,구미,지명 확인,경북,기타,"최예나의 공식 팬덤 명칭은 '지구미'이며 응원봉은 '봉구미', 공식 팬클럽은"
최예나,loyalty,21,경북,구미,지명 확인,경북,활동,미팅 투어를 이어가고 있어 팬덤('지구미')의 지속적 결집을 보여준다
최예나,loyalty,23,경기,경기도|부천,지명 확인,경기,활동,IAF)의 공식 홍보대사로 선정되어 경기도 부천시에서 관련 홍보 활동을 진행했다.
최예나,loyalty,32,경북,구미,지명 확인,경북,활동,"전석 매진시켰으며, 공식 팬덤명 '지구미'의 성원에 감사를 표했다."
최예나,loyalty,33,경북,구미,지명 확인,경북,기타, '베리즈'를 오픈해 공식 팬덤 '지구미'와의 소통을 확대했다.
최예나,loyalty,34,경북,구미,지명 확인,경북,활동,"렸으며, 안내 페이지는 '타이베이 지구미(팬덤)의 열렬한 지지'를 언급했다."
최예나,spillover,4,경기,부천,불확실,경기,활동,부천국제애니메이션페스티벌(BIAF) 홍보대사로
최예나,spillover,33,서울,서울,지명 확인,서울,활동,"최예나가 2026년 5월 서강대학교(서울) 대학축제에 비비, 김장훈 등과 함께 출"
최예나,spillover,44,경기,부천,불확실,경기,활동,최예나가 2023년 8월 부천국제애니메이션페스티벌(BIAF) 홍보대사로
권은비,loyalty,3,서울,서울,지명 확인,서울,활동,단독 콘서트 'THE RED'를 서울에서 성공적으로 마친 뒤 타이베이·마카오·
권은비,loyalty,17,서울,서울,불확실,서울,활동,"로 확장 중이며, 2026년 상반기 서울과학기술대·동아대·숭실대 등 대학 입학식 "
권은비,loyalty,19,전남,목포|전남,지명 확인,전남,연고,"권은비는 전남 목포시 출신으로, 2025년 목포대학교 "
권은비,spillover,3,서울,서울,지명 확인,서울,활동,2025년 7월 6일 워터밤 서울 공연에서 강렬한 복귀 무대로 화제가 되어
권은비,spillover,5,부산,부산,불확실,부산,활동,같은 해 7월 26일 워터밤 부산 출연이 예정되어 여름 페스티벌 시즌 전반
권은비,spillover,11,서울,서울,불확실,서울,활동,"36회 골든디스크 신인상, 제31회 서울가요대상 신인상 등 데뷔 해 주요 시상식 "
권은비,spillover,30,서울,서울,지명 확인,서울,활동,"2025년 '워터밤 서울'에도 재출연, '원조 워터밤 여신' 재확"
권은비,spillover,33,전남,목포,지명 확인,전남,활동,목포대학교 축제 현장 분위기를 담은 영상에서 
권은비,spillover,41,대구,대구,지명 확인,대구,활동,2026년 5월 20~22일 대구 경북대학교 대학축제 라인업에 권은비 출연
권은비,spillover,41,경북,경북,지명 확인,경북,활동,2026년 5월 20~22일 대구 경북대학교 대학축제 라인업에 권은비 출연(지코
권은비,spillover,51,서울,서울,지명 확인,서울,활동, 발탁되며 얻은 수입 등을 바탕으로 서울 성동구에 24억원 상당의 단독주택형 건물
츄,loyalty,2,서울,서울,불확실,서울,활동,2025년 12월 서울 신한카드 SOL페이 스퀘어 라이브홀에서 
츄,loyalty,20,서울,서울,불확실,서울,활동,가수 츄는 2024년 8월 서울교통공사에 의해 서울지하철 공식 홍보대사로
츄,loyalty,22,대전,대전,불확실,대전,활동,"츄가 대전 카이스트, 대전 한남대학교 등 대학축제 "
츄,loyalty,23,경북,경북|구미,지명 확인,경북,활동,츄가 경북 구미 금오공과대학교 대학축제 무대에 출연
츄,loyalty,24,충북,충북,불확실,충북,활동,츄가 충북 제천 중원대학교 대학축제 무대에 출연했다
츄,loyalty,25,인천,인천,불확실,인천,활동,츄가 인천 한국폴리텍대학 인천캠퍼스 대학축제 무대에
츄,loyalty,26,경기,경기도|성남,지명 확인,경기,활동,츄가 경기도 성남시 가천대학교 'Water Fest
츄,spillover,8,서울,서울,불확실,서울,활동,2024년 서울교통공사(서울지하철) 공식 홍보대사로 위촉
츄,spillover,38,대구,대구,지명 확인,대구,활동,츄는 DGB대구은행의 모바일뱅킹 서비스 'iM뱅크' 광고
츄,spillover,42,대구,대구,지명 확인,대구,기타,"2023년 10월 iM뱅크(옛 대구은행, DGB금융그룹)가 츄를 광고 모델로"
츄,spillover,47,대구,대구,지명 확인,대구,활동,"' 광고, 2023~2024년 DGB대구은행 'iM뱅크' 광고에 다수 영상으로 출"
10CM,loyalty,10,서울,서울,불확실,서울,활동,13년 2월 23일 인디밴드 최초로 서울 올림픽공원 체조경기장에서 단독 공연을 열
10CM,loyalty,18,서울,서울,지명 확인,서울,활동,To 10CM: Chapter 1' 서울 공연 티켓 오픈 및 팬콘서트 'THE M
10CM,loyalty,21,서울,서울,불확실,서울,활동, 10CM: Chapter 1>'을 서울·부산·방콕·싱가포르·타이베이·도쿄·홍콩·
10CM,loyalty,21,부산,부산,불확실,부산,활동,CM: Chapter 1>'을 서울·부산·방콕·싱가포르·타이베이·도쿄·홍콩·대전 
10CM,loyalty,21,대전,대전,지명 확인,대전,활동,·방콕·싱가포르·타이베이·도쿄·홍콩·대전 8개 도시에서 개최(1.30-5.3)
10CM,loyalty,22,서울,서울,불확실,서울,활동,"0CM: Chapter 1'을 통해 서울, 부산, 대전 등 국내 여러 도시에서 순"
10CM,loyalty,22,부산,부산,불확실,부산,활동," Chapter 1'을 통해 서울, 부산, 대전 등 국내 여러 도시에서 순회 공연"
10CM,loyalty,22,대전,대전,불확실,대전,활동,"pter 1'을 통해 서울, 부산, 대전 등 국내 여러 도시에서 순회 공연을 개최"
10CM,loyalty,23,부산,부산,지명 확인,부산,활동,10CM은 부산에서 'To 10CM: Chapter 1'
10CM,loyalty,33,서울,서울,불확실,서울,활동,CM은 2026년 10월 9~11일 서울 올림픽홀에서 팬콘서트 'THE MISSI
10CM,spillover,0,서울,서울,지명 확인,서울,활동,0CM: Chapter 1'을 통해 서울 공연을 열고 해외 팬을 겨냥한 공연 시장
10CM,spillover,28,대구,대구,지명 확인,대구,활동,7월 1일 '2026 대구치맥페스티벌' 개막식에 10CM가 FT아일
10CM,spillover,34,서울,서울,지명 확인,서울,활동,의 권정열이 2025년 4월 23일 서울 종로구 국립현대미술관 서울관에서 열린 '
10CM,spillover,35,서울,서울,불확실,서울,활동,연 '올해도 글렀추'가 9월 13일 서울어린이대공원 능동숲속의무대에서 특별 게스트
카더가든,loyalty,16,경남,경남|창원,지명 확인,경남,활동,아와 함께한 '힐링보이스' 콘서트를 경남 창원에서 개최하며 지역 공연을 진행했다.
카더가든,spillover,28,인천,인천,불확실,인천,활동,카더가든이 인천 인하대학교 축제 무대에 올라 신곡 '나무
카더가든,spillover,29,제주,제주,지명 확인,제주,활동,제주 함덕해수욕장 일원에서 열린 '2025 제
카더가든,spillover,30,대구,대구,지명 확인,대구,활동,7월 5일 '2026 대구치맥페스티벌' 축제 기간 중 카더가든이 박
Zion.T,loyalty,4,서울,서울,불확실,서울,활동,"'메모리즈' 단독 공연, '러브 인 서울 2024' 등 꾸준한 단독 콘서트 편성이"
Zion.T,loyalty,8,서울,서울,지명 확인,서울,활동,한 콘서트를 부산과 경기 의정부 등 서울 외 지역에서도 순회 개최했다.
Zion.T,loyalty,8,부산,부산,지명 확인,부산,활동,이언티는 원슈타인과 함께한 콘서트를 부산과 경기 의정부 등 서울 외 지역에서도 순
Zion.T,loyalty,8,경기,의정부,불확실,경기,활동,타인과 함께한 콘서트를 부산과 경기 의정부 등 서울 외 지역에서도 순회 개최했다.
Zion.T,loyalty,15,서울,서울,불확실,서울,활동,자이언티는 2017년 10월 14일 서울 올림픽홀에서 11인조 오케스트라와 함께 
Zion.T,loyalty,22,인천,인천,지명 확인,인천,활동,026년 8월 29일부터 30일까지 인천문학경기장 주경기장에서 열린 국내 최초 탄
Zion.T,spillover,7,서울,서울,지명 확인,서울,기타,2016년 제25회 서울가요대상에서 본상을 수상했다
Zion.T,spillover,33,서울,서울,불확실,서울,활동,1년 2월 현대백화점그룹의 '더현대 서울' 개점 메인 음악을 작곡·참여해 브랜드 
Zion.T,spillover,45,서울,서울,지명 확인,서울,기타,자이언티의 부친이 서울 상수역 인근에서 10년간 운영해온 카페 
이효리,spillover,28,제주,제주,지명 확인,제주,활동,한 예능 '효리네 민박' 방영 이후 제주도 특정 관광지(오름 등)의 인지도가 크게
이효리,spillover,29,제주,제주,불확실,제주,활동,제주관광공사 공식 관광정보 사이트(Visit 
이효리,spillover,30,제주,제주,불확실,제주,활동,스가수 유랑단) 무대에서 이효리가 '제주서 조용히 살다 환호 들으니 감사해'라며 
이효리,spillover,40,제주,제주,지명 확인,제주,활동,이효리가 2018년 4월 3일 제주시 봉개동 4·3평화공원에서 열린 제70주
이효리,spillover,41,경기,안산,불확실,경기,활동,원의 생산유발효과가 발생했으며 한담해안산책로·사려니숲길 등 특정 관광지 검색량이 
이효리,spillover,41,제주,제주,지명 확인,제주,활동,예능 '효리네 민박'의 주 촬영지인 제주 애월읍 소길리(제주 서부지역) 방영 이후
이효리,spillover,46,서울,서울,불확실,서울,활동,"리네 민박', '캐나다 체크인', '서울체크인', '이효리의 레드카펫' 등 다수의"
이효리,spillover,50,서울,서울,지명 확인,서울,기타,어들인 것으로 알려졌다고 위키트리와 서울경제가 보도했다.
이효리,spillover,93,서울,서울,지명 확인,서울,기타, '롯데온'의 광고 모델을 맡았다고 서울신문이 보도했다.
엄정화,loyalty,1,서울,서울,지명 확인,서울,활동,데뷔 24년 만인 2023년 12월 서울·대구·부산 3개 도시에서 단독 콘서트 '
엄정화,loyalty,1,부산,부산,지명 확인,부산,활동, 만인 2023년 12월 서울·대구·부산 3개 도시에서 단독 콘서트 '초대'를 개
엄정화,loyalty,1,대구,대구,지명 확인,대구,활동,24년 만인 2023년 12월 서울·대구·부산 3개 도시에서 단독 콘서트 '초대'
엄정화,loyalty,12,서울,서울,불확실,서울,활동,"4년 만에 연 단독 콘서트 '초대'(서울 12월 9~10일, 대구 12월 23일,"
엄정화,loyalty,12,부산,부산,불확실,부산,활동," 9~10일, 대구 12월 23일, 부산 12월 31일 총 3개 도시 4회)에서 "
엄정화,loyalty,12,대구,대구,지명 확인,대구,활동," '초대'(서울 12월 9~10일, 대구 12월 23일, 부산 12월 31일 총 "
엄정화,loyalty,13,서울,서울,불확실,서울,활동,"엄정화는 단독 콘서트 '초대'를 서울뿐 아니라 대구, 부산 등 지역 도시에서도"
엄정화,loyalty,13,부산,부산,지명 확인,부산,활동,"트 '초대'를 서울뿐 아니라 대구, 부산 등 지역 도시에서도 순회 개최했다."
엄정화,loyalty,13,대구,대구,지명 확인,대구,활동,"독 콘서트 '초대'를 서울뿐 아니라 대구, 부산 등 지역 도시에서도 순회 개최했다"
엄정화,loyalty,14,대구,대구,지명 확인,대구,활동,엄정화 단독 콘서트 '초대'가 대구에서도 개최되어 예스24 티켓 페이지에 지
엄정화,loyalty,16,서울,서울,불확실,서울,활동,엄정화는 2023년 12월 서울(잠실학생체육관)·대구(EXCO)·부산(B
엄정화,loyalty,16,부산,부산,불확실,부산,활동,"울(잠실학생체육관)·대구(EXCO)·부산(BEXCO) 등 3개 도시에서 총 4회,"
엄정화,loyalty,16,대구,대구,지명 확인,대구,활동,23년 12월 서울(잠실학생체육관)·대구(EXCO)·부산(BEXCO) 등 3개 도
엄정화,loyalty,19,충북,충북,불확실,충북,연고,"Areq.net이 엄정화(1971년 충북 출생)를 배우·가수·란제리 디자이너로, "
엄정화,spillover,9,부산,부산,불확실,부산,기타,2021년 10월 제26회 부산국제영화제 심사위원으로 위촉됐다
엄정화,spillover,16,서울,서울,지명 확인,서울,활동,엄정화의 24년 만의 단독 콘서트가 서울뿐 아니라 대구·부산까지 3개 도시를 순회
엄정화,spillover,16,부산,부산,지명 확인,부산,활동, 단독 콘서트가 서울뿐 아니라 대구·부산까지 3개 도시를 순회하며 지역 공연장에서
엄정화,spillover,16,대구,대구,지명 확인,대구,활동, 만의 단독 콘서트가 서울뿐 아니라 대구·부산까지 3개 도시를 순회하며 지역 공연
볼빨간사춘기,loyalty,37,인천,인천,지명 확인,인천,활동,026년 8월 29일부터 30일까지 인천문학경기장에서 열린 '서스테이너블 웨이브 
볼빨간사춘기,spillover,25,인천,인천,지명 확인,인천,활동,8월 29~30일 인천문학경기장에서 열리는 '서스테이너블 웨이브
볼빨간사춘기,spillover,26,서울,서울,지명 확인,서울,활동,현충일인 6월 6일 서울 마포구 난지한강공원 젊음의광장에서 열린 
Crush,spillover,2,서울,서울,불확실,서울,활동,2025년 12월 서울 잠실실내체육관에서 3일간(19~21일) 
Crush,spillover,36,광주,광주,지명 확인,광주,활동,러쉬)가 2026년 5월 조선대학교(광주) 대학축제에 헤이즈와 함께 출연
Crush,spillover,37,경기,수원,불확실,경기,활동,"rush(크러쉬)가 2026년 5월 수원대학교(경기) 대학축제에 헤이즈, TNX와"
성시경,loyalty,1,서울,서울,지명 확인,서울,활동,"2025년 연말 콘서트(서울 올림픽공원 KSPO돔, 12월 25~28"
성시경,loyalty,28,대구,대구,지명 확인,대구,활동,촉되어 일본 관광객을 대상으로 김해·대구·청주공항을 거점으로 한 지방 소도시 관광
성시경,loyalty,28,충북,청주,지명 확인,충북,활동, 일본 관광객을 대상으로 김해·대구·청주공항을 거점으로 한 지방 소도시 관광(한국
성시경,loyalty,28,경남,김해,지명 확인,경남,활동,로 위촉되어 일본 관광객을 대상으로 김해·대구·청주공항을 거점으로 한 지방 소도시
성시경,loyalty,32,서울,서울,불확실,서울,활동,경은 2026년 12월 25~28일 서울 올림픽공원 체조경기장에서 나흘간 연말 콘
성시경,loyalty,35,서울,서울,불확실,서울,활동," 2026년 9월 5일부터 6일까지 서울 올림픽공원에서 야외 콘서트를 열었으나, "
성시경,spillover,40,전북,전주,불확실,전북,활동,성시경이 세븐일레븐의 비빔밥 신제품(전주식소불고기비빔밥 등) 광고에 출연해 데뷔 
케이윌,loyalty,2,서울,서울,지명 확인,서울,활동,해당 투어의 서울 공연은 4회차 전석 매진을 기록했다.
케이윌,loyalty,24,경기,경기도,지명 확인,경기,연고,"케이윌은 경기도 여주시 출신으로, 예능 콘텐츠 '형수는"
케이윌,loyalty,24,강원,원주,지명 확인,강원,연고,윌'에서 유년 시절을 보낸 여주시 낙원주택을 직접 찾아가는 모습을 보였다.
케이윌,loyalty,32,대구,대구,지명 확인,대구,활동,25년 3월 산불 피해 지원을 위해 대구 지역 행사 출연료 전액을 기부했다.
이승철,loyalty,2,경기,부천|성남|화성,지명 확인,경기,활동,어 콘서트에서 청주·부천·화성·춘천·성남 등 지역 공연을 모두 전석 매진시켰다.
이승철,loyalty,2,강원,춘천,불확실,강원,활동,전국투어 콘서트에서 청주·부천·화성·춘천·성남 등 지역 공연을 모두 전석 매진시켰
이승철,loyalty,2,충북,청주,지명 확인,충북,활동, 데뷔 40주년 전국투어 콘서트에서 청주·부천·화성·춘천·성남 등 지역 공연을 모
이승철,loyalty,3,서울,서울,지명 확인,서울,활동,40주년 콘서트는 서울(올림픽 체조경기장)에 이어 인천·부산·대
이승철,loyalty,3,부산,부산,지명 확인,부산,활동,울(올림픽 체조경기장)에 이어 인천·부산·대구 등 추가 지역 공연 티켓이 연이어 
이승철,loyalty,3,대구,대구,지명 확인,대구,활동,림픽 체조경기장)에 이어 인천·부산·대구 등 추가 지역 공연 티켓이 연이어 오픈되
이승철,loyalty,3,인천,인천,지명 확인,인천,활동,는 서울(올림픽 체조경기장)에 이어 인천·부산·대구 등 추가 지역 공연 티켓이 연
이승철,loyalty,11,경기,부천|성남|화성,불확실,경기,활동,"당에서 개막한 이후 부천·화성·춘천·성남 등 다수 지역 공연이 전석 매진되며 ""독"
이승철,loyalty,11,강원,춘천,불확실,강원,활동,술의전당에서 개막한 이후 부천·화성·춘천·성남 등 다수 지역 공연이 전석 매진되며
이승철,loyalty,11,충북,청주,불확실,충북,활동, SEUNG CHUL'이 7월 4일 청주예술의전당에서 개막한 이후 부천·화성·춘천
이승철,loyalty,12,충북,청주,지명 확인,충북,활동,0주년을 맞아 2026년 7월 4일 청주를 시작으로 전국 투어 '더 보이스 : 이
이승철,loyalty,17,충북,청주,지명 확인,충북,활동,이승철은 2026년 7월 청주 공연을 시작으로 데뷔 40주년 기념 전국
이승철,loyalty,19,서울,서울,불확실,서울,활동," 활발히 운영되며, 12월 4~6일 서울 올림픽 체조경기장에서 열리는 40주년 기"
이승철,loyalty,23,인천,인천,불확실,인천,활동,르면 이승철이 데뷔 40주년을 맞아 인천 인스파이어 아레나에서 개최한 콘서트 '당
이승철,spillover,0,서울,서울,지명 확인,서울,활동,'부터 2026년 40주년 투어까지 서울 외에 다수 지방 도시에서 순차적으로 공연
이승철,spillover,2,서울,서울,불확실,서울,활동, 투어가 광주·대전·대구·인천·부산·서울 등 6개 도시를 순회하며 지역별 맞춤 무
이승철,spillover,2,부산,부산,지명 확인,부산,활동,0주년 투어가 광주·대전·대구·인천·부산·서울 등 6개 도시를 순회하며 지역별 맞
이승철,spillover,2,대구,대구,지명 확인,대구,활동,40주년 투어가 광주·대전·대구·인천·부산·서울 등 6개 도시를 순회하며
이승철,spillover,2,인천,인천,지명 확인,인천,활동,40주년 투어가 광주·대전·대구·인천·부산·서울 등 6개 도시를 순회하며 지역
이승철,spillover,2,광주,광주,지명 확인,광주,활동,40주년 투어가 광주·대전·대구·인천·부산·서울 등 6개 도시
이승철,spillover,2,대전,대전,지명 확인,대전,활동,40주년 투어가 광주·대전·대구·인천·부산·서울 등 6개 도시를 순
이승철,spillover,8,서울,서울,지명 확인,서울,활동,·부천·화성·춘천·성남을 거쳐 연말 서울·부산·대구·대전·광주까지 이어지는 대규모
이승철,spillover,8,부산,부산,지명 확인,부산,활동,·화성·춘천·성남을 거쳐 연말 서울·부산·대구·대전·광주까지 이어지는 대규모 전국
이승철,spillover,8,대구,대구,지명 확인,대구,활동,·춘천·성남을 거쳐 연말 서울·부산·대구·대전·광주까지 이어지는 대규모 전국 순회
이승철,spillover,8,광주,광주,지명 확인,광주,활동,"을 거쳐 연말 서울·부산·대구·대전·광주까지 이어지는 대규모 전국 순회 편성으로,"
이승철,spillover,8,대전,대전,지명 확인,대전,활동,·성남을 거쳐 연말 서울·부산·대구·대전·광주까지 이어지는 대규모 전국 순회 편성
이승철,spillover,8,경기,부천|성남|화성,불확실,경기,활동,년 전국투어가 청주·부천·화성·춘천·성남을 거쳐 연말 서울·부산·대구·대전·광주까
이승철,spillover,8,강원,춘천,불확실,강원,활동,40주년 전국투어가 청주·부천·화성·춘천·성남을 거쳐 연말 서울·부산·대구·대전·
이승철,spillover,8,충북,청주,지명 확인,충북,활동,40주년 전국투어가 청주·부천·화성·춘천·성남을 거쳐 연말 서울·
이승철,spillover,12,부산,부산,불확실,부산,활동,콘서트 시리즈 <오케스트락 2·3> 부산·인천 등 개최
이승철,spillover,12,인천,인천,불확실,인천,활동, 시리즈 <오케스트락 2·3> 부산·인천 등 개최
이승철,spillover,13,대구,대구,지명 확인,대구,활동,어 콘서트 'Rock'n All'을 대구 천마아트센터에서 개최하며 지역 순회공연을
이승철,spillover,14,광주,광주,지명 확인,광주,활동,2025년 콘서트 '오케스트락2'를 광주광역시에서 공연하는 등 밴드·오케스트라 편
이승철,spillover,15,인천,인천,불확실,인천,활동,기획' 공연에 확정됐다. 8월 1일 인천 인스파이어 아레나에서 '당신의 삶은 네버
이승철,spillover,29,경기,안산,지명 확인,경기,기타,경기 안산 대부도 소재 리조트 '더헤븐리조트'가 가
이승철,spillover,31,경기,안산,지명 확인,경기,활동,이승철이 경기 안산 대부도 소재 복합 리조트 '더헤븐리조트'
이승철,spillover,33,경기,안산,지명 확인,경기,활동," 9월 리조트 '더헤븐리조트'(경기 안산 대부도, 골프장·숙박·레저시설 운영)의 "
이승철,spillover,44,강원,강원|춘천,지명 확인,강원,활동,"부상했으며, 2026년 7월 25일 강원대학교 춘천캠퍼스 축제 공연이 확정됐다."
거미,loyalty,2,서울,서울,지명 확인,서울,활동,서울 공연(올림픽공원 올림픽홀)은 이틀간 약 
거미,loyalty,5,서울,서울,불확실,서울,활동,"GIN'이 8개 도시 약 2만 명, 서울 올림픽홀 이틀간 4천 명을 동원했다"
거미,loyalty,10,서울,서울,지명 확인,서울,활동,단독 전국투어 콘서트 〈LOVE〉가 서울 등에서 진행되며 티켓 판매가 이어짐
거미,loyalty,11,전남,전라남도,지명 확인,전남,연고,"거미는 전라남도 완도군 금당면(금당도) 출신으로, 완"
거미,loyalty,18,경기,성남,불확실,경기,활동,거미는 2019년 6월 8일 성남아트센터 오페라하우스에서 열린 전국투어 콘
거미,loyalty,20,제주,제주,지명 확인,제주,활동,거미는 2025년 8월 제주에서 열린 '영수증 콘서트'에 출연했다.
거미,loyalty,21,전남,전남,지명 확인,전남,연고,"은 박지연이며 1981년 4월 8일 전남 완도군 금당면 율포리에서 태어났고, 음악"
거미,loyalty,24,부산,부산,지명 확인,부산,활동,3년 2월)을 통해 천안·대구·울산·부산·수원·광주·성남·인천 등 8개 도시에서 
거미,loyalty,24,대구,대구,지명 확인,대구,활동,1월~2023년 2월)을 통해 천안·대구·울산·부산·수원·광주·성남·인천 등 8개
거미,loyalty,24,인천,인천,불확실,인천,활동,안·대구·울산·부산·수원·광주·성남·인천 등 8개 도시에서 약 2만 명의 관객을 
거미,loyalty,24,광주,광주,불확실,광주,활동,을 통해 천안·대구·울산·부산·수원·광주·성남·인천 등 8개 도시에서 약 2만 명
거미,loyalty,24,울산,울산,지명 확인,울산,활동,2023년 2월)을 통해 천안·대구·울산·부산·수원·광주·성남·인천 등 8개 도시
거미,loyalty,24,경기,성남|수원,불확실,경기,활동,2월)을 통해 천안·대구·울산·부산·수원·광주·성남·인천 등 8개 도시에서 약 2
거미,loyalty,24,충남,천안,지명 확인,충남,활동,년 11월~2023년 2월)을 통해 천안·대구·울산·부산·수원·광주·성남·인천 등
거미,loyalty,25,서울,서울,지명 확인,서울,활동,'BE ORIGIN' 투어는 서울 올림픽공원 올림픽홀에서 22인조 오케스트
거미,loyalty,25,경기,성남,지명 확인,경기,활동, 9점대의 높은 관객 평점을 받았고 성남 공연은 만점(10.0)을 기록했다.
거미,loyalty,26,전북,전주,일반어·비지명,,활동,거미는 2024년 11월 전주를 시작으로 전국 7개 도시를 도는 콘서트
거미,loyalty,32,경남,창원,지명 확인,경남,활동,2019년 7월 6일 창원 KBS창원홀에서 열린 'This is G
거미,loyalty,33,서울,서울,불확실,서울,연고,"이 거미(본명 박지연, 1981년생 서울 출생)를 2003년 YG엔터테인먼트 소속"
거미,spillover,0,광주,광주,지명 확인,광주,활동,"이유 전국투어 콘서트 '러브,포엠' 광주 공연에 게스트로 출연하는 등 타 아티스트"
거미,spillover,8,대구,대구,지명 확인,대구,활동,"재단이 거미의 전국투어 콘서트(광주·대구를 거치며 ""큰 성원을 받고 있는"" 투어)"
거미,spillover,8,광주,광주,지명 확인,광주,활동,"기문화재단이 거미의 전국투어 콘서트(광주·대구를 거치며 ""큰 성원을 받고 있는"" "
거미,spillover,8,경기,경기도,지명 확인,경기,활동,플랫폼 '지지씨(ggc)'에 등록해 경기도민 대상 문화향수 확산 프로그램으로 공식
거미,spillover,19,광주,광주,지명 확인,광주,활동,"투어 콘서트 'LOVE, POEM' 광주 공연에 게스트로 출연했다."
거미,spillover,34,광주,광주,지명 확인,광주,활동,"oncert 2023 <LOVE>' 광주 공연(11월 18~19일, 광주 예술의전"
린,loyalty,9,서울,서울,불확실,서울,활동,"년 10월 단독 콘서트 'HOME'(서울 신한카드 SOL페이 스퀘어 라이브홀, 총"
린,loyalty,10,서울,서울,불확실,서울,활동,린은 2025년 11~12월 서울 한전아트센터에서 단독 콘서트 '<HOME
린,loyalty,20,서울,서울,지명 확인,서울,활동,린은 2024년 10월 5~6일 서울 마포구 신한카드 SOL페이 스퀘어 라이브
린,loyalty,21,부산,부산,불확실,부산,활동,"n of Serenade'를 대전, 부산 등 지방 도시를 돌며 개최했다."
린,loyalty,21,대전,대전,불확실,대전,활동,"Queen of Serenade'를 대전, 부산 등 지방 도시를 돌며 개최했다."
린,spillover,10,대구,대구,지명 확인,대구,활동, 안성훈과 함께한 전국 투어콘서트를 대구광역시에서 열어 지역 팬들과 만났다.
린,spillover,11,전북,전북|전주,지명 확인,전북,활동, 2025년 안성훈과의 투어콘서트를 전북 전주에서도 개최하며 4개 도시 순회공연을
린,spillover,31,대전,대전,일반어·비지명,,기타,린은 2004년 SBS 가요대전 발라드 부문과 KBS 가요대상 본상을 수
린,spillover,32,서울,서울,불확실,서울,기타,"린은 2014년 백상예술대상, 서울드라마어워즈, 멜론뮤직어워드 OST 부문 "
린,spillover,33,서울,서울,불확실,서울,기타,린은 2015년 하이원 서울가요대상 OST 부문을 수상했다.
린,spillover,38,서울,서울,불확실,서울,활동,(7월 12일)·부산(7월 19일)·서울(7월 26일) 등 4개 도시를 순회하는 
린,spillover,38,부산,부산,불확실,부산,활동,주(7월 5일)·대구(7월 12일)·부산(7월 19일)·서울(7월 26일) 등 4
린,spillover,38,대구,대구,지명 확인,대구,활동,월 안성훈과 함께 전주(7월 5일)·대구(7월 12일)·부산(7월 19일)·서울(
린,spillover,38,전북,전주,불확실,전북,활동,린은 2025년 7월 안성훈과 함께 전주(7월 5일)·대구(7월 12일)·부산(7
린,spillover,40,강원,강원|속초,지명 확인,강원,활동,영된 SBS '미운 우리 새끼'에서 강원 속초 중앙시장을 방문했을 때 상인과 방문
린,spillover,44,서울,서울,불확실,서울,기타,"iny'로 2012~2014년 사이 서울국제드라마어워즈, 멜론뮤직어워드, Mnet"
린,spillover,45,경북,구미,지명 확인,경북,기타,"린은 '내 여자친구는 구미호', '해를 품은 달', '별에서 온 그"
린,spillover,46,대전,대전,일반어·비지명,,기타,린은 2004년 SBS 가요대전에서 발라드 부문상을 수상했다.
백지영,spillover,13,광주,광주,지명 확인,광주,활동, 2021-22년 전국투어 콘서트를 광주광역시에서 개최하는 등 매년 전국 순회공연
백지영,spillover,14,경기,경기도|수원,지명 확인,경기,활동,서트 'PLAYBAEK'을 진행하며 경기도 수원시 등 여러 지역을 순회했다.
백지영,spillover,15,강원,강원,지명 확인,강원,활동,2026년 1월 강원도 화천산천어축제 개막식에서 눈보라 속 완
백지영,spillover,23,서울,서울,불확실,서울,활동,마 OST '그 여자'로 2011년 서울국제드라마어워즈에서 우수 한국 드라마 OS
백지영,spillover,45,서울,서울,불확실,서울,연고,rue 아랍어판이 백지영(1974년 서울 출생)의 1999년 데뷔곡 'Choice
김동률,loyalty,0,서울,서울,불확실,서울,활동,"2025년 콘서트 '산책'(서울 올림픽공원 KSPO돔, 7회 공연 7만 "
김동률,loyalty,5,서울,서울,불확실,서울,활동,2025년 11월 서울 KSPO돔에서 콘서트 '어 워크(A Wa
김동률,loyalty,11,서울,서울,불확실,서울,활동,"콘서트 '산책'(2025년 11월, 서울 올림픽공원 KSPO DOME, 총 7회)"
김동률,loyalty,20,서울,서울,불확실,서울,활동,2025년 11월 8~16일 서울 올림픽공원 KSPO돔에서 열린 콘서트 '
김동률,loyalty,34,서울,서울,불확실,서울,활동,·아이엔이 2025년 11월 10일 서울 올림픽공원 KSPO돔에서 열린 '2025
김동률,spillover,8,부산,부산,지명 확인,부산,활동, 6집 발매 기념 콘서트 '동행'을 부산광역시 공연으로 시작해 전국투어를 진행했다
김동률,spillover,9,서울,서울,지명 확인,서울,활동,김동률은 2004년 서울과 부산광역시에서 두 번째 솔로 콘서트를 
김동률,spillover,9,부산,부산,지명 확인,부산,활동,김동률은 2004년 서울과 부산광역시에서 두 번째 솔로 콘서트를 개최했다
김동률,spillover,45,서울,서울,불확실,서울,활동, 콘서트 '스트롤(Stroll)'이 서울 KSPO돔에서 7회 공연 전석(7만석) 
조용필,loyalty,4,서울,서울,지명 확인,서울,활동,025~2026년 전국투어 콘서트가 서울·인천·대구 등 각지에서 잇따라 진행되며 
조용필,loyalty,4,대구,대구,지명 확인,대구,활동,26년 전국투어 콘서트가 서울·인천·대구 등 각지에서 잇따라 진행되며 지속적인 티
조용필,loyalty,4,인천,인천,지명 확인,인천,활동,~2026년 전국투어 콘서트가 서울·인천·대구 등 각지에서 잇따라 진행되며 지속적
조용필,loyalty,5,부산,부산,지명 확인,부산,활동,1993년 부산 콘서트에 100만 명이 넘는 관중이 몰려
조용필,loyalty,7,부산,부산,불확실,부산,기타,"정도였고, 한 교사가 그를 비하하자 부산의 여고생들이 수업을 거부한 일화도 전해진"
조용필,loyalty,8,서울,서울,지명 확인,서울,활동,만에 재개된 2024년 11~12월 서울 콘서트(KSPO돔)에 오랜 갈증을 해소해
조용필,loyalty,16,서울,서울,불확실,서울,활동,&위대한탄생 전국투어 콘서트' 광주·서울 등 진행 중
조용필,loyalty,16,광주,광주,지명 확인,광주,활동,조용필&위대한탄생 전국투어 콘서트' 광주·서울 등 진행 중
조용필,loyalty,17,경기,경기도|화성,지명 확인,경기,연고,"조용필은 경기도 화성시 송산면 쌍정리 출신으로, 200"
조용필,loyalty,18,경기,경기도|화성,지명 확인,경기,연고,조용필은 2009년 경기도 화성시 전곡항 국제보트쇼 개막식에서 개
조용필,loyalty,19,경기,화성,지명 확인,경기,연고,'돌아와요 전곡항에'로 부르며 고향 화성시 지명을 노래에 담아냈다.
조용필,loyalty,20,경기,화성,지명 확인,경기,기타,2021년 화성시에서 '문화공작소·화성 협동조합'이 창립
조용필,spillover,2,서울,서울,지명 확인,서울,활동,전국투어 콘서트가 서울 외 인천·대구 등 지방 도시에서도 개최되
조용필,spillover,2,대구,대구,지명 확인,대구,활동,전국투어 콘서트가 서울 외 인천·대구 등 지방 도시에서도 개최되어 지역 공연장
조용필,spillover,2,인천,인천,지명 확인,인천,활동,전국투어 콘서트가 서울 외 인천·대구 등 지방 도시에서도 개최되어 지역 
조용필,spillover,3,부산,부산,지명 확인,부산,기타,"1976년 데뷔곡 ""돌아와요 부산항에""는 싱글·LP 합산 300만 장 이상"
조용필,spillover,18,서울,서울,지명 확인,서울,활동,2025-26년 전국투어 콘서트'가 서울·대구 등 전국 순회로 편성되어 인터파크를
조용필,spillover,18,대구,대구,지명 확인,대구,활동,5-26년 전국투어 콘서트'가 서울·대구 등 전국 순회로 편성되어 인터파크를 통해
조용필,spillover,29,부산,부산,지명 확인,부산,기타,조용필의 일본 데뷔곡 '돌아와요 부산항에' 일본어 버전 싱글과 LP는 합산 3
조용필,spillover,33,서울,서울,불확실,서울,활동,용필&위대한탄생 콘서트' 신규 일정(서울 11월 27~29일 등)이 공지되며 새 
박효신,loyalty,1,인천,인천,불확실,인천,활동,"2026년 4월 인천 단독 콘서트(3회, 회차당 약 3만 석·"
박효신,loyalty,11,인천,인천,지명 확인,인천,활동,"트(2026년 4월 4·5·11일, 인천문학경기장 주경기장)가 회차당 약 3만 석"
박효신,loyalty,16,서울,서울,불확실,서울,활동,박효신은 2023년 9월 9~10일 서울 올림픽공원 88잔디마당에서 4년 만의 팬
박효신,loyalty,18,서울,서울,불확실,서울,활동,"30일, 7월 5·7·11·13일, 서울 올림픽공원 체조경기장)는 총 11만 명을"
박효신,loyalty,27,인천,인천,지명 확인,인천,활동,박효신이 2026년 4월 인천문학경기장에서 연 단독 콘서트 '박효신 L
박효신,loyalty,32,서울,서울,불확실,서울,활동,2015년 2월 14~15일 서울 올림픽공원 체조경기장에서 열린 데뷔 15
박효신,loyalty,33,서울,서울,불확실,서울,활동,2019년 7월 13일 서울 올림픽공원 체조경기장 단독 콘서트에서 관
박효신,spillover,7,서울,서울,불확실,서울,활동, 전국투어 콘서트 '해피 투게더'가 서울에 이어 광주·부산·대구·인천 등 전국 5
박효신,spillover,7,부산,부산,지명 확인,부산,활동,'해피 투게더'가 서울에 이어 광주·부산·대구·인천 등 전국 5개 도시에서 열렸으
박효신,spillover,7,대구,대구,지명 확인,대구,활동, 투게더'가 서울에 이어 광주·부산·대구·인천 등 전국 5개 도시에서 열렸으며 티
박효신,spillover,7,인천,인천,지명 확인,인천,활동,더'가 서울에 이어 광주·부산·대구·인천 등 전국 5개 도시에서 열렸으며 티켓 7
박효신,spillover,7,광주,광주,지명 확인,광주,활동,서트 '해피 투게더'가 서울에 이어 광주·부산·대구·인천 등 전국 5개 도시에서 
박효신,spillover,45,인천,인천,지명 확인,인천,활동,독 콘서트로 복귀해 2026년 4월 인천 문학경기장에서 'LIVE A & E 20
박효신,spillover,50,인천,인천,지명 확인,인천,활동,2026년 4월 인천문학경기장 콘서트 'LIVE A&E 202
박효신,spillover,51,인천,인천,지명 확인,인천,활동,'을 2026년 4월 4·5·11일 인천문학경기장에서 개최한다고 allkpop이 
박정현,spillover,8,서울,서울,불확실,서울,활동,22년 10월 19일부터 22일까지 서울 LG아트센터에서 단독 콘서트 'Now'를
박정현,spillover,20,충북,충북,지명 확인,충북,활동,박정현이 2026년 10월 3일 충북 옥천군 옥천공설운동장에서 열리는 제3회 
박정현,spillover,38,서울,서울,지명 확인,서울,활동,박정현이 2012년 서울에서 열린 핵안보정상회의(Nuclear S
박정현,spillover,44,대구,대구,지명 확인,대구,활동, 2009년 Mnet '슈퍼스타K' 대구지역 심사위원으로 참여했다.
빅마마,loyalty,2,서울,서울,지명 확인,서울,활동,15년 만에 단독 전국투어 콘서트를 서울·부산·전주·대구·울산에서 개최하며 재결합
빅마마,loyalty,2,부산,부산,지명 확인,부산,활동, 만에 단독 전국투어 콘서트를 서울·부산·전주·대구·울산에서 개최하며 재결합 이후
빅마마,loyalty,2,대구,대구,지명 확인,대구,활동, 전국투어 콘서트를 서울·부산·전주·대구·울산에서 개최하며 재결합 이후에도 전국구
빅마마,loyalty,2,울산,울산,지명 확인,울산,활동,투어 콘서트를 서울·부산·전주·대구·울산에서 개최하며 재결합 이후에도 전국구 팬덤
빅마마,loyalty,2,전북,전주,지명 확인,전북,활동, 단독 전국투어 콘서트를 서울·부산·전주·대구·울산에서 개최하며 재결합 이후에도 
빅마마,loyalty,20,경북,경북,불확실,경북,활동,"연해 큰 호응을 얻었다(2024년, 경북 봉화)."
빅마마,loyalty,21,서울,서울,지명 확인,서울,활동,15년 만에 단독 전국투어 콘서트를 서울·부산·전주·대구·울산에서 5주간 개최했다
빅마마,loyalty,21,부산,부산,지명 확인,부산,활동, 만에 단독 전국투어 콘서트를 서울·부산·전주·대구·울산에서 5주간 개최했다.
빅마마,loyalty,21,대구,대구,지명 확인,대구,활동, 전국투어 콘서트를 서울·부산·전주·대구·울산에서 5주간 개최했다.
빅마마,loyalty,21,울산,울산,지명 확인,울산,활동,투어 콘서트를 서울·부산·전주·대구·울산에서 5주간 개최했다.
빅마마,loyalty,21,전북,전주,지명 확인,전북,활동, 단독 전국투어 콘서트를 서울·부산·전주·대구·울산에서 5주간 개최했다.
빅마마,loyalty,22,서울,서울,지명 확인,서울,활동,23년 12월 23일부터 25일까지 서울 장충체육관에서 데뷔 20주년 콘서트를 3
빅마마,loyalty,28,서울,서울,불확실,서울,활동, 2022년 4월 데뷔 15년 만에 서울·부산·전주·대구·울산 등을 도는 단독 전
빅마마,loyalty,28,부산,부산,지명 확인,부산,활동,22년 4월 데뷔 15년 만에 서울·부산·전주·대구·울산 등을 도는 단독 전국투어
빅마마,loyalty,28,대구,대구,지명 확인,대구,활동, 데뷔 15년 만에 서울·부산·전주·대구·울산 등을 도는 단독 전국투어 콘서트를 
빅마마,loyalty,28,울산,울산,지명 확인,울산,활동, 15년 만에 서울·부산·전주·대구·울산 등을 도는 단독 전국투어 콘서트를 약 5
빅마마,loyalty,28,전북,전주,지명 확인,전북,활동, 4월 데뷔 15년 만에 서울·부산·전주·대구·울산 등을 도는 단독 전국투어 콘서
빅마마,loyalty,29,서울,서울,지명 확인,서울,활동,마는 2023년 12월 23~25일 서울 장충체육관에서 데뷔 20주년 기념 콘서트
빅마마,spillover,2,서울,서울,지명 확인,서울,활동,전국투어 콘서트를 서울 외 부산·전주·대구·울산 등 지방 도시에
빅마마,spillover,2,부산,부산,지명 확인,부산,활동,전국투어 콘서트를 서울 외 부산·전주·대구·울산 등 지방 도시에서 개최하
빅마마,spillover,2,대구,대구,지명 확인,대구,활동,국투어 콘서트를 서울 외 부산·전주·대구·울산 등 지방 도시에서 개최하며 지역 공
빅마마,spillover,2,울산,울산,지명 확인,울산,활동, 콘서트를 서울 외 부산·전주·대구·울산 등 지방 도시에서 개최하며 지역 공연 수
빅마마,spillover,2,전북,전주,지명 확인,전북,활동,전국투어 콘서트를 서울 외 부산·전주·대구·울산 등 지방 도시에서 개최하며 지
빅마마,spillover,20,부산,부산,지명 확인,부산,활동,부산광역시 서구가 주최한 '2030세계박람회 
빅마마,spillover,36,서울,서울,불확실,서울,기타," 신인상, 골든디스크 여자 신인상, 서울가요대상 그룹부문 신인상 등 다수의 신인상"
빅마마,spillover,36,대전,대전,일반어·비지명,,기타,"빅마마는 2003년 SBS 가요대전 신인상, 골든디스크 여자 신인상, 서울가"
다비치,loyalty,19,서울,서울,불확실,서울,활동,2026년 1월 24~25일 서울 올림픽공원 KSPO DOME 콘서트 'T
다비치,loyalty,23,충남,보령|충남,지명 확인,충남,활동,대한민국 대표 축제인 보령머드축제(충남 보령)가 2009년 다비치·박상민·박준형
다비치,spillover,7,서울,서울,지명 확인,서울,기타,"8년 MAMA, 골든디스크 어워즈, 서울가요대상에서 동시에 '올해의 신인상'을 수"
다비치,spillover,25,인천,인천,지명 확인,인천,활동,다비치가 2024년 4월 20일 인천 강화군 강화공설운동장에서 열린 '2024
다비치,spillover,47,경기,수원,불확실,경기,활동,면 다비치가 2026년 9월 11일 수원 야외음악당에서 열리는 '2026 파크콘서
다비치,spillover,48,서울,서울,불확실,서울,활동,디지털 싱글 'Dear'로 컴백하고 서울 블루스퀘어에서 3일간 콘서트를 개최한다고
로이킴,loyalty,1,서울,서울,불확실,서울,활동,2013년 데뷔 후 처음으로 서울 KSPO돔에서 11월 21~22일 단독 
로이킴,loyalty,4,서울,서울,불확실,서울,활동,2015년 연말 서울 단독 콘서트는 앨범 발매 전에 이미 매진
로이킴,loyalty,15,서울,서울,불확실,서울,활동,2026년 7월 서울 블루스퀘어 우리WON뱅킹홀에서 열린 팬미
로이킴,loyalty,20,서울,서울,지명 확인,서울,활동,서울 강남구가 저소득층 나눔 공간 'G+스타존
로이킴,loyalty,23,서울,서울,불확실,서울,연고,"콘서트 'Roy actually'가 서울에 이어 부산(KBS홀, 12월 28일 공"
로이킴,loyalty,23,부산,부산,지명 확인,부산,연고,부산 출신 가수 로이킴의 단독 콘서트 'Roy
로이킴,loyalty,24,서울,서울,불확실,서울,활동,콘서트 'Roy actually'를 서울에 이어 부산에서도 성료하며 지역 팬덤 흥
로이킴,loyalty,24,부산,부산,지명 확인,부산,활동,y actually'를 서울에 이어 부산에서도 성료하며 지역 팬덤 흥행력을 입증했
로이킴,loyalty,25,부산,부산,지명 확인,부산,활동,로이킴이 부산 콘서트를 앞두고 '레드 & 그린' 드레스
로이킴,loyalty,28,서울,서울,불확실,서울,활동,이킴은 2026년 7월 11~12일 서울 블루스퀘어에서 7~8년 만의 단독 팬미팅
로이킴,loyalty,29,서울,서울,불확실,서울,활동,따르면 로이킴이 11월 21~22일 서울 올림픽공원 KSPO DOME에 처음 입성
로이킴,spillover,1,서울,서울,불확실,서울,활동,"2013년 서울우유, 오클락, 티빙, 쉐보레 등 다수 브"
로이킴,spillover,20,서울,서울,지명 확인,서울,기타,팬들의 펀딩으로 서울 강남구 개포동(구룡역 인근·양재천 일대)
로이킴,spillover,29,강원,강원,불확실,강원,활동,8월 1일 강원 평창 모나용평 '2026 발왕산 축제' 
로이킴,spillover,30,대구,대구,지명 확인,대구,활동,으로 2025년 12월 27~28일 대구 엑스코 컨벤션홀에서 단독 콘서트를 개최했
로이킴,spillover,31,대전,대전,불확실,대전,활동,이킴은 2026년 1월 17~18일 대전 충남대학교 정심화홀에서 콘서트를 열었다.
로이킴,spillover,31,충남,충남,불확실,충남,활동, 2026년 1월 17~18일 대전 충남대학교 정심화홀에서 콘서트를 열었다.
로이킴,spillover,42,인천,인천,지명 확인,인천,활동, 청와대 연무관에서 열린 '2014 인천 아시안게임 선수단 격려 축하 공연'에 출
sg워너비,loyalty,3,서울,서울,지명 확인,서울,활동,"2009년 ""59번가의 기적"" 서울·대구·부산 투어 콘서트가 전석매진됨."
sg워너비,loyalty,3,부산,부산,지명 확인,부산,활동,"9년 ""59번가의 기적"" 서울·대구·부산 투어 콘서트가 전석매진됨."
sg워너비,loyalty,3,대구,대구,지명 확인,대구,활동,"2009년 ""59번가의 기적"" 서울·대구·부산 투어 콘서트가 전석매진됨."
sg워너비,loyalty,12,서울,서울,지명 확인,서울,활동,SG워너비가 서울 앵콜 공연을 편성하고 이효리를 게스트로 
sg워너비,loyalty,15,서울,서울,지명 확인,서울,활동,버 이석훈이 2023년 2월 16일 서울특별시청에서 열린 위촉식에서 서울특별시 홍
sg워너비,loyalty,17,서울,서울,지명 확인,서울,활동, 전국투어 콘서트 '우리의 노래'가 서울·대구·부산 외에 전주(한국소리문화의전당)
sg워너비,loyalty,17,부산,부산,지명 확인,부산,활동,콘서트 '우리의 노래'가 서울·대구·부산 외에 전주(한국소리문화의전당)에서도 개최
sg워너비,loyalty,17,대구,대구,지명 확인,대구,활동,투어 콘서트 '우리의 노래'가 서울·대구·부산 외에 전주(한국소리문화의전당)에서도
sg워너비,loyalty,17,전북,전주,불확실,전북,활동,리의 노래'가 서울·대구·부산 외에 전주(한국소리문화의전당)에서도 개최됨.
sg워너비,loyalty,18,인천,인천,지명 확인,인천,활동, 전국투어 콘서트 '우리의 노래'가 인천 송도컨벤시아에서 개최됨.
sg워너비,loyalty,19,광주,광주,지명 확인,광주,활동, 전국투어 콘서트 '우리의 노래'가 광주에서 개최됨.
sg워너비,loyalty,21,서울,서울,불확실,서울,활동,전석 매진돼 3월 31일~4월 2일 서울 올림픽공원 핸드볼경기장에서 3회 공연으로
sg워너비,loyalty,22,서울,서울,불확실,서울,활동,"워너비는 2004년 SBS가요대전, 서울가요대상, 골든디스크 시상식에서 모두 신인"
sg워너비,loyalty,22,대전,대전,일반어·비지명,,활동,"SG워너비는 2004년 SBS가요대전, 서울가요대상, 골든디스크 시상식에서 모"
sg워너비,loyalty,26,서울,서울,불확실,서울,활동,진호는 2025년 1월 25~26일 서울 블루스퀘어 마스터카드홀에서 2022년 '
sg워너비,loyalty,35,서울,서울,지명 확인,서울,활동,비 멤버 김진호가 10월 9~10일 서울 세종문화회관 도암홀에서 단독 콘서트 '2
sg워너비,spillover,1,서울,서울,지명 확인,서울,활동,6집 투어 서울 공연을 세종문화회관에서 개최해 20대 가
sg워너비,spillover,27,대전,대전,일반어·비지명,,활동,는 2005년 한 해 동안 SBS가요대전 등 국내 주요 가요 시상식에서 5개 대상
브라운아이즈,loyalty,8,서울,서울,불확실,서울,기타,2003년 9월 팬 200여명이 서울 방배동의 한 카페에서 음반 판매량 150
브라운아이즈,loyalty,9,경기,경기도|의정부,지명 확인,경기,연고,"그냥 의정부 시골 애""라고 언급하며 경기도 의정부를 고향으로 소개"
브라운아이즈,loyalty,26,서울,서울,불확실,서울,활동, 포함)은 2025년 12월 27일 서울 고척스카이돔 콘서트에서 관객 전원에게 응
브라운아이즈,spillover,27,서울,서울,불확실,서울,기타,년 첫 개인전 이후 2015년 4월 서울 통의동 진화랑에서 아홉 번째 개인전 '콜
브라운아이즈,spillover,35,서울,서울,불확실,서울,기타,매를 기념해 2025년 9월 26일 서울 사운즈 한남에서 2003년 데뷔 이후의 
브라운아이즈,spillover,43,서울,서울,불확실,서울,기타,24년 10월 10일부터 30일까지 서울 송현동 이화익갤러리에서 조각가 노준과 2
이문세,loyalty,9,서울,서울,불확실,서울,활동,"est'(2025.12.13-14, 서울 KSPO돔) 양일 매진, 총 2만4천명 "
이문세,loyalty,18,서울,서울,불확실,서울,활동,"버시아드체육관, 12월 13~14일 서울 KSPO DOME, 12월 27일 대전컨"
이문세,loyalty,18,부산,부산,불확실,부산,활동,"컨벤션센터, 2026년 1월 10일 부산 벡스코, 1월 24일 대구 엑스코 등 전"
이문세,loyalty,18,대구,대구,지명 확인,대구,활동," 10일 부산 벡스코, 1월 24일 대구 엑스코 등 전국 5개 도시로 이어졌다."
이문세,loyalty,18,광주,광주,불확실,광주,활동,"' 투어는 2025년 11월 29일 광주 광주여대 유니버시아드체육관, 12월 13"
이문세,loyalty,18,대전,대전,불확실,대전,활동," KSPO DOME, 12월 27일 대전컨벤션센터, 2026년 1월 10일 부산 "
이문세,spillover,0,서울,서울,불확실,서울,기타,"1990년 서울우유, 1994년 현대자동차, 2002년 "
이문세,spillover,13,부산,부산,불확실,부산,활동,The Best' 투어가 2026년 부산(1.10)·대구(1.24) 등 지방 공연
이문세,spillover,13,대구,대구,지명 확인,대구,활동, 투어가 2026년 부산(1.10)·대구(1.24) 등 지방 공연으로 이어짐
이문세,spillover,14,부산,부산,지명 확인,부산,활동,"안산, 창원, 춘천, 고양, 이천, 부산, 대구 등 지방 15개 도시를 순회공연했"
이문세,spillover,14,대구,대구,지명 확인,대구,활동,"창원, 춘천, 고양, 이천, 부산, 대구 등 지방 15개 도시를 순회공연했다."
이문세,spillover,14,광주,광주,불확실,광주,활동,"붉은노을' 전국투어로 경산, 안양, 광주, 김해, 포항, 대전, 의정부, 안산, "
이문세,spillover,14,대전,대전,지명 확인,대전,활동,"경산, 안양, 광주, 김해, 포항, 대전, 의정부, 안산, 창원, 춘천, 고양, "
이문세,spillover,14,경기,안산|의정부,불확실,경기,활동,"주, 김해, 포항, 대전, 의정부, 안산, 창원, 춘천, 고양, 이천, 부산, 대"
이문세,spillover,14,강원,춘천,불확실,강원,활동,"항, 대전, 의정부, 안산, 창원, 춘천, 고양, 이천, 부산, 대구 등 지방 1"
이문세,spillover,14,경북,포항,지명 확인,경북,활동,"투어로 경산, 안양, 광주, 김해, 포항, 대전, 의정부, 안산, 창원, 춘천, "
이문세,spillover,14,경남,김해|창원,지명 확인,경남,활동,"해, 포항, 대전, 의정부, 안산, 창원, 춘천, 고양, 이천, 부산, 대구 등 "
이문세,spillover,15,경남,경남|진주,지명 확인,경남,활동,문세가 2024년 9월 21~22일 경남 진주시 경남문화예술회관 공연을 시작으로 
이문세,spillover,23,서울,서울,지명 확인,서울,활동,영하며 2025년 KSPO DOME 서울 콘서트 실황('끝의 시작 + 그녀의 웃음
이문세,spillover,40,전북,전주,지명 확인,전북,활동, 이문세 시즌4'는 2024년 3월 전주 공연을 시작으로 2025년 5월까지 이어
이문세,spillover,42,서울,서울,불확실,서울,기타,이문세는 2024년 11월 13일 서울 상암 스탠포드호텔에서 정규 17집 선공개
윤도현,loyalty,2,서울,서울,지명 확인,서울,활동, 데뷔 20주년을 맞아 그해 10월 서울 공연을 시작으로 이듬해 1월까지 전국 1
윤도현,loyalty,5,서울,서울,불확실,서울,활동,2026년 4월 서울 블루스퀘어에서 열리는 '클래식 YB' 고
윤도현,loyalty,15,부산,부산,지명 확인,부산,활동,클럽 ybeez는 어쿠스틱 포레스트 부산 공연에서 부산녹색연합과 함께 이기대 해안
윤도현,loyalty,23,서울,서울,지명 확인,서울,활동, 2025년 11월 22일과 23일 서울 장충체육관에서 밴드 결성 이후 320번째
윤도현,loyalty,23,부산,부산,지명 확인,부산,활동,", 이후 안산·창원·수원·대구·고양·부산 등 전국 투어로 이어갔다."
윤도현,loyalty,23,대구,대구,지명 확인,대구,활동,"t'를 열고, 이후 안산·창원·수원·대구·고양·부산 등 전국 투어로 이어갔다."
윤도현,loyalty,23,경기,수원|안산,지명 확인,경기,활동,"dent'를 열고, 이후 안산·창원·수원·대구·고양·부산 등 전국 투어로 이어갔다"
윤도현,loyalty,23,경남,창원,지명 확인,경남,활동,"·cedent'를 열고, 이후 안산·창원·수원·대구·고양·부산 등 전국 투어로 이"
윤도현,loyalty,25,충남,충남,불확실,충남,활동,윤도현은 2026년 5월 6일 충남 호서대학교 축제 무대에서 YB 곡 제목들
윤도현,loyalty,28,서울,서울,지명 확인,서울,활동,B는 2025년 11월 22~23일 서울 장충체육관에서 열린 30주년 콘서트에서 
윤도현,spillover,9,전남,전남,지명 확인,전남,활동,윤도현밴드가 전남 장흥 물축제 개막 공연에 출연한다는 로컬
윤도현,spillover,11,울산,울산,지명 확인,울산,활동,"ews가 윤도현의 건강 문제로 인한 울산 공연 연기 소식을 보도하며, 팬들이 공연"
윤도현,spillover,22,서울,서울,지명 확인,서울,활동,윤도현이 2020년 6월 서울시로부터 '자전거 홍보대사'로 위촉되어 자
윤도현,spillover,24,서울,서울,지명 확인,서울,활동,리금융그룹이 9월 19일 경기 과천 서울랜드에서 여는 사회공헌 콘서트 '2026 
윤도현,spillover,28,서울,서울,지명 확인,서울,활동,"도현은 2026년 4월 18~19일 서울에서 열린 YB 앙코르 공연을 마친 뒤 """
윤도현,spillover,32,울산,울산,지명 확인,울산,활동,국투어 콘서트 '리마스터드 3.0' 울산 공연이 윤도현의 급격한 목 상태 악화로 
윤도현,spillover,37,서울,서울,불확실,서울,활동,5년 YB가 데뷔 20주년 기념으로 서울 LG아트센터에서 나흘간 진행한 콘서트를 
잔나비,loyalty,1,서울,서울,불확실,서울,활동,2019년 서울 올림픽홀 이틀간 공연이 전석 매진됐다.
잔나비,loyalty,6,서울,서울,지명 확인,서울,활동, 전국투어 콘서트 '모든소년소녀들'(서울·광주·대구)과 KSPO DOME 단독공연
잔나비,loyalty,6,부산,부산,불확실,부산,활동,울 잠실실내체육관(12/27~28)·부산 벡스코(1/3~4)에서 개최하며 11월 
잔나비,loyalty,6,대구,대구,지명 확인,대구,활동,콘서트 '모든소년소녀들'(서울·광주·대구)과 KSPO DOME 단독공연이 모두 매
잔나비,loyalty,6,광주,광주,지명 확인,광주,활동,투어 콘서트 '모든소년소녀들'(서울·광주·대구)과 KSPO DOME 단독공연이 모
잔나비,loyalty,8,서울,서울,불확실,서울,활동,"ahoo.com): 2025년 8월 서울 앙코르 공연에서 대만 공연을 예고, '우"
잔나비,loyalty,17,서울,서울,불확실,서울,활동,잔나비는 2019년 9월 1일 서울 올림픽홀에서 연 양일간의 단독 콘서트를 
잔나비,spillover,29,서울,서울,불확실,서울,활동," 모모콘'(9월 19일, 경기 과천 서울랜드) 2부 라인업에 잔나비가 지누션·멜로"
잔나비,spillover,38,서울,서울,불확실,서울,기타,상을 수상했고 2023년에는 하이원 서울가요대상 밴드상과 더 팩트 뮤직 어워즈 올
잔나비,spillover,41,서울,서울,불확실,서울,활동,데이에 같은 해 10월 23~25일 서울 올림픽공원 KSPO돔에서 여는 'JANN
잔나비,spillover,42,서울,서울,불확실,서울,활동," 31일~9월 1일, 9월 7~8일 서울 잠실실내체육관에서 데뷔 10주년 기념 콘"
CNBLUE,loyalty,18,서울,서울,지명 확인,서울,기타,E WORLD TOUR 3LOGY' 서울 시작으로 마카오·타이베이·멜버른·시드니·
CNBLUE,loyalty,22,서울,서울,지명 확인,서울,활동,서울 콘서트에서 관객의 열띤 앙코르 요청이 이
CNBLUE,loyalty,27,서울,서울,지명 확인,서울,활동, SNS를 통해 조직적으로 활동하며 서울 콘서트에 튀르키예 국기로 장식한 화환을 
CNBLUE,loyalty,30,서울,서울,불확실,서울,활동,UE는 2026년 1월 18~19일 서울 티켓링크라이브아레나에서 연 '2026 C
CNBLUE,spillover,3,서울,서울,지명 확인,서울,활동,2012년 5월 서울에서 첫 팬미팅을 여는 등 데뷔 초부터 팬
CNBLUE,spillover,7,서울,서울,지명 확인,서울,활동," 마친 뒤, 2026년 1월 17일 서울을 시작으로 일본 3개 도시, 동남아시아 "
CNBLUE,spillover,28,부산,부산,불확실,부산,활동," 사운드베리 페스타 24, 2024 부산국제록페스티벌 등 다수 축제·페스티벌 무대"
CNBLUE,spillover,39,부산,부산,지명 확인,부산,연고,CNBLUE의 정용화가 부산 출신 한류스타로서 부산광역시 홍보대사로 
CNBLUE,spillover,47,부산,부산,지명 확인,부산,연고,"화는 ""今年來台灣比去釜山還多""(올해 부산 고향에 가는 것보다 대만에 온 횟수가 더"
CNBLUE,spillover,47,대구,대구,지명 확인,대구,연고,더 많다)라며 다음 목표로 타이베이 대구장(大巨蛋) 공연을 언급했다.
BTS,loyalty,13,서울,서울,지명 확인,서울,기타,지민 팬들이 서울역 KTX 대합실 91m 파노라마 미디어월
BTS,loyalty,14,부산,부산,불확실,부산,기타,민 팬들이 2026년 6월 한 달간 부산 지하철·열차를 활용한 '지민로드' 대규모
BTS,loyalty,15,부산,부산,불확실,부산,기타,정국 팬들이 부산 지하철에 250m 길이의 '정국 파노라마
BTS,loyalty,16,서울,서울,지명 확인,서울,기타,뷔 팬들이 서울에서 뉴욕·LA·런던·도쿄까지 옥외광고를 
BTS,loyalty,38,서울,서울,지명 확인,서울,활동,방탄소년단은 2019년 서울특별시 홍보대사로 위촉되어 서울의 도시 이
BTS,loyalty,52,서울,서울,지명 확인,서울,활동,"ul!' 등 소감을 밝혔고, 기사는 서울 도심이 2002 월드컵 거리응원을 연상케"
BTS,spillover,49,강원,강릉|강원,지명 확인,강원,활동,"릉 지역 한류관광이 활기를 띠었다는 강원뉴스 지역언론 보도, 지방 관광 파급효과 "
BTS,spillover,59,서울,서울,지명 확인,서울,활동,서울시는 'BTS 서울 성지투어' 콘텐츠를 통
BTS,spillover,60,서울,서울,불확실,서울,기타,BTS의 인기로 외국인 관광객이 서울을 넘어 지방까지 찾아오는 'BTS 관광'
BTS,spillover,61,부산,부산,지명 확인,부산,기타,부산에서는 지민의 아버지가 운영하는 카페를 도
BTS,spillover,62,부산,부산,지명 확인,부산,연고,부산관광공사는 지민의 고향인 부산 금정구 일대
BTS,spillover,63,부산,부산,지명 확인,부산,활동,행 콘텐츠는 BTS 월드투어 아리랑 부산 콘서트에 맞춰 부산 성지순례 여행 코스를
BTS,spillover,71,부산,부산,지명 확인,부산,활동,BTS 부산 콘서트를 계기로 경북 포항시가 해외 관광
BTS,spillover,71,경북,경북|포항,지명 확인,경북,활동,BTS 부산 콘서트를 계기로 경북 포항시가 해외 관광객 유치를 위해 놀 월
BTS,spillover,82,서울,서울,지명 확인,서울,활동,10시(WIB) BTS의 2019년 서울 콘서트 실황 영화 'Love Yourse
BTS,spillover,96,서울,서울,불확실,서울,기타,na)'를 선물로 받았다고 언급하자 서울 내 재고가 몇 시간 만에 매진되고 한국 
BTS,spillover,105,경남,경남,불확실,경남,기타,경남제약은 2018~2020년 비타민C 제품 
SEVENTEEN,loyalty,54,제주,제주,지명 확인,제주,연고,세븐틴 승관은 자신의 고향인 제주특별자치도 홍보대사로 위촉되어 제주도민들의
SEVENTEEN,loyalty,55,제주,제주,지명 확인,제주,연고,세븐틴 승관은 고향 제주 홍보대사로 위촉되어 전 세계 팬들에게 제
SEVENTEEN,spillover,32,서울,서울,지명 확인,서울,활동,서울시와 협업해 유튜브 채널 '비짓서울TV'를
SEVENTEEN,spillover,44,제주,제주,불확실,제주,활동,제주 홍보대사로 위촉된 세븐틴 승관은 제주 관
SEVENTEEN,spillover,45,대구,대구,지명 확인,대구,활동,세븐틴은 대구 엑스코에서 콘서트를 열어 지역 팬들을 모
SEVENTEEN,spillover,46,부산,부산,지명 확인,부산,활동,세븐틴 부산 벡스코 콘서트에 맞춰 수도권·지방에서 부
SEVENTEEN,spillover,61,제주,제주,지명 확인,제주,연고,SEVENTEEN 멤버 승관이 제주 출신으로 2024년 11월 제주도 홍보대
SEVENTEEN,spillover,62,제주,제주,지명 확인,제주,활동,SEVENTEEN 승관이 제주특별자치도의 지속가능 관광 공익광고 '제주
SEVENTEEN,spillover,69,인천,인천,지명 확인,인천,활동,2026년 6월 21일 인천아시아드주경기장에서 열린 'SVT 10TH
SEVENTEEN,spillover,70,인천,인천,지명 확인,인천,활동,2026년 6월 21일 인천아시아드주경기장에서 열린 'SVT 10TH
SEVENTEEN,spillover,74,서울,서울,지명 확인,서울,기타,를 브랜드 시그니처 데님에 접목한 '서울 익스클루시브 컬렉션'을 선보였다.
Stray Kids,loyalty,27,대구,대구,지명 확인,대구,활동,y Kids 2026 타이베이 대만 대구단 공연을 BTS·BIGBANG·BABYM
Stray Kids,loyalty,45,인천,인천,지명 확인,인천,활동,스트레이 키즈가 10월 18~19일 인천아시아드주경기장에서 국내 첫 야외 스타디움
Stray Kids,loyalty,54,울산,울산,불확실,울산,활동,JYP엔터테인먼트는 2025년 4월 울산·경북·경남 산불 피해 주민을 돕기 위해 
Stray Kids,loyalty,54,경북,경북,불확실,경북,활동,엔터테인먼트는 2025년 4월 울산·경북·경남 산불 피해 주민을 돕기 위해 희망브
Stray Kids,loyalty,54,경남,경남,불확실,경남,활동,인먼트는 2025년 4월 울산·경북·경남 산불 피해 주민을 돕기 위해 희망브리지와
Stray Kids,spillover,71,서울,서울,불확실,서울,활동,"협업한 한복 개발, 패션화보 촬영, 서울·뉴욕·파리·밀라노 등 해외 전광판 홍보 "
RIIZE,loyalty,18,인천,인천,지명 확인,인천,활동,데뷔 3주년을 맞아 2026년 9월 인천에서 팬클럽 '브리즈'와 팬미팅을 개최한다
RIIZE,loyalty,24,서울,서울,불확실,서울,기타,RIIZE 서울 팝업스토어 이벤트 'WE LITTLE R
RIIZE,loyalty,29,경기,경기도|성남,지명 확인,경기,활동,Mnet '전국반짝투어' 최종회로 경기도 성남시 분당구청 잔디광장에서 라이즈 데
RIIZE,loyalty,34,서울,서울,불확실,서울,활동, 9월)을 맞아 팬클럽 이름으로 삼성서울병원에 1억 원을 기부해 취약계층 아동·청
RIIZE,loyalty,37,서울,서울,불확실,서울,활동,"브리즈'가 데뷔 3주년을 기념해 삼성서울병원에 1억원을 기부했으며, 기부금은 취약"
RIIZE,loyalty,38,인천,인천,불확실,인천,활동,뷔 3주년을 맞아 9월 12~13일 인천 인스파이어 아레나에서 팬미팅 'Ch. R
RIIZE,loyalty,39,서울,서울,불확실,서울,활동,9월 팬클럽 '브리즈' 이름으로 삼성서울병원에 1억원을 기부해 형편이 어려운 아동
RIIZE,spillover,10,서울,서울,불확실,서울,기타,2023년 서울가요대상·써클차트뮤직어워드 등에서 데뷔 첫
RIIZE,spillover,41,인천,인천,불확실,인천,활동,라이즈가 인천대·서강대·숭실대 등 대학축제 무대에 올라
RIIZE,spillover,47,경기,경기도|성남,지명 확인,경기,활동,net '전국반짝투어' 프로그램으로 경기도 성남시를 방문해 게릴라 콘서트를 열고 
RIIZE,spillover,55,대전,대전,일반어·비지명,,활동,와 8월 9일 '2026 SBS 가요대전: SUMMER' 등 다수의 음악 시상식·
RIIZE,spillover,63,서울,서울,지명 확인,서울,활동,이즈 은석이 2026년 8월 11일 서울 성동구 세터하우스 서울숲 매장에서 열린 
RIIZE,spillover,67,서울,서울,불확실,서울,활동,라이즈 앤톤이 2026년 3월 8일 서울 KSPO돔에서 열린 'RIIZING LO
NCT,loyalty,30,서울,서울,지명 확인,서울,활동,"TING TOUR DUALITY'로 서울-도쿄-자카르타(7월 4일, 테니스 인도어"
NCT,loyalty,41,서울,서울,지명 확인,서울,활동,환으로 2026년 9월 18~20일 서울 올림픽공원 KSPO DOME에서 공연하며
NCT,loyalty,50,경기,경기도,지명 확인,경기,활동,위한 즉석식품·학용품 등 생활용품을 경기도 지역아동센터에 전달했다.
NCT,loyalty,51,서울,서울,불확실,서울,활동,은 2026년 2월 생일을 맞아 삼성서울병원에 췌장암 연구 지원금 2억5000만원
NCT,loyalty,65,서울,서울,불확실,서울,활동,뷔 10주년을 맞아 2026년 9월 서울 반포한강공원과 석촌호수 일대에서 활동 의
NCT,spillover,19,서울,서울,불확실,서울,활동,"칭 10주년을 맞아 2027 S/S 서울패션위크와 협업, 9월 4~6일 무대의상 "
NCT,spillover,40,서울,서울,불확실,서울,활동,NCT WISH가 서울대·경북대·이화여대 등 대학축제 무대에서 
NCT,spillover,40,경북,경북,불확실,경북,활동,NCT WISH가 서울대·경북대·이화여대 등 대학축제 무대에서 'Ode
NCT,spillover,47,대구,대구,지명 확인,대구,활동,2026년 5월 대구 경북대학교 대학축제 라인업에 NCT WI
NCT,spillover,47,경북,경북,지명 확인,경북,활동,2026년 5월 대구 경북대학교 대학축제 라인업에 NCT WISH 
NCT,spillover,48,서울,서울,불확실,서울,활동,"산복산복 스토커'에 주연으로 출연해 서울 웹페스트 2021 최우수남우주연상, 20"
NCT,spillover,58,서울,서울,불확실,서울,활동," NCT 론칭 10주년을 맞아 9월 서울 곳곳(반포한강공원 분수쇼, 잠실 서울패션"
NCT,spillover,74,서울,서울,지명 확인,서울,활동,- THE MOMENTUM'가 1월 서울을 시작으로 아시아·미국 15개 지역을 순
동방신기,loyalty,22,광주,광주,지명 확인,광주,연고,방신기 유노윤호가 2013년 고향인 광주에서 열린 '2013 광주디자인비엔날레'의
동방신기,loyalty,29,강원,강릉|강원,지명 확인,강원,활동,"부자 모임)에 가입했으며 2019년 강원 산불, 2020년 코로나19 특별모금, "
동방신기,spillover,30,광주,광주,지명 확인,광주,활동,윤호가 2025년 9월 4일 모교인 광주 광일고를 방문해 은사의 정년퇴임을 축하하
동방신기,spillover,44,전남,목포,지명 확인,전남,기타,"(2025년 7월 18일 공개)에서 목포 건달 장벌구 역을 맡았고, 이 작품으로 "
빅뱅,loyalty,18,서울,서울,불확실,서울,활동,3회차 전석이 22분 만에 매진되며 서울이 아닌 고양(경기)에서 대규모 팬 결집력
빅뱅,spillover,28,강원,강원,지명 확인,강원,연고,시 내고향'에 출연해 교통이 불편한 강원 영월군의 산골 마을을 만물트럭을 몰고 찾
빅뱅,spillover,29,경남,경남,불확실,경남,활동,"을 하게 되었다. 우주항공청 본청은 경남 사천 우주항공국가산단에 위치해 있어, 전"
EXO,loyalty,12,인천,인천,불확실,인천,활동,"EXO'verse'(12월 14일, 인천 인스파이어 아레나)가 공식 팬클럽 선예매"
EXO,loyalty,13,서울,서울,지명 확인,서울,활동,"NET #6 - EXhOrizon' 서울 공연(4월 10~12일, 올림픽공원 KS"
EXO,loyalty,28,서울,서울,불확실,서울,활동, #5 - EXplOration'이 서울 KSPO DOME에서 6회 열려 회당 1
EXO,spillover,12,서울,서울,지명 확인,서울,활동,소 월드투어 'EXhOrizon'이 서울을 시작으로 전 세계 13개 지역을 순회하
EXO,spillover,28,경남,남해,지명 확인,경남,활동, 타고 세계여행 시즌3'가 경상남도 남해군 일대에서 촬영되어 수호·시우민·디오·카
EXO,spillover,49,서울,서울,불확실,서울,활동,어 K-pop 매체 코레진은 엑소가 서울 올림픽공원 체조경기장에서 열린 'EXO 
EXO,spillover,53,서울,서울,지명 확인,서울,활동,서울 강남구가 2014년 엑소를 강남구 홍보대
EXO,spillover,59,서울,서울,불확실,서울,기타,시우민과 함께 2026년 9월 7일 서울중앙지방법원에서 소속사 아이앤비100(IN
EXO,spillover,60,서울,서울,지명 확인,서울,기타,시우민과 함께 2026년 9월 7일 서울중앙지법에서 전속계약 효력정지 가처분 심리
EXO,spillover,61,서울,서울,지명 확인,서울,기타,·백현과 함께 2026년 9월 7일 서울중앙지법에서 소속사 아이앤비100(INB1
슈퍼주니어,loyalty,0,서울,서울,불확실,서울,활동,주년 기념 콘서트 '슈퍼쇼 10'을 서울 KSPO돔에서 3일간 진행했으며 전 회차
슈퍼주니어,spillover,13,서울,서울,지명 확인,서울,활동,"공연을 연다고 보도했다. 이 투어는 서울, 홍콩, 자카르타, 마닐라, 멕시코시티,"
슈퍼주니어,spillover,21,강원,강원|원주,지명 확인,강원,활동,슈퍼주니어 김희철이 2021년 4월 강원도 원주시 공식 홍보대사로 위촉됐다. 원주
슈퍼주니어,spillover,28,서울,서울,불확실,서울,활동,"완전 생중계했으며, 2025년 8월 서울 KSPO DOME에서 열린 'SUPER "
슈퍼주니어,spillover,46,인천,인천,지명 확인,인천,기타,김희철은 2026년 8월 인천시 광복절 현수막의 태극 문양이 거꾸로 되
슈퍼주니어,spillover,49,서울,서울,불확실,서울,활동,"' 투어를 발표, 2026년 10월 서울 KBS아레나(17~18일)를 시작으로 쿠"
슈퍼주니어,spillover,51,서울,서울,지명 확인,서울,기타,sina.com.cn이 슈퍼주니어가 서울가요대상에서 '월드초이스'상을 수상했다는 
슈퍼주니어,spillover,55,서울,서울,불확실,서울,기타,"2009년 골든디스크어워드를 비롯해 서울가요대상, Mnet 아시안 뮤직 어워드, "
샤이니,spillover,15,경남,진주,일반어·비지명,,활동,6년 만의 도쿄돔 공연에서 진주빛 아쿠아그린 응원봉으로 물든 회장이 환호
샤이니,spillover,20,서울,서울,불확실,서울,활동,샤이니 서울 재결합 콘서트를 대만 威秀影城(Viesh
샤이니,spillover,30,서울,서울,지명 확인,서울,활동,멤버 민호는 2026년 8월 27일 서울현충원에서 열린 위촉식을 통해 국방부 유해
샤이니,spillover,33,서울,서울,지명 확인,서울,활동,TOUR [LiMiNaL]'을 통해 서울을 시작으로 북미·남미 12개 도시 투어에
샤이니,spillover,38,서울,서울,지명 확인,서울,활동,LD TOUR [LiMiNaL]'의 서울 공연을 9월 18일부터 20일까지 사흘간
ATEEZ,loyalty,3,인천,인천,지명 확인,인천,활동,2025년 7월 인천 영종도 인스파이어 아레나에서 열린 '인 
ATEEZ,loyalty,10,울산,울산,불확실,울산,활동,"참사 관련 1억원 기부, 2025년 울산·경북·경남 산불 피해 지역에 1억원 추가"
ATEEZ,loyalty,10,경북,경북,불확실,경북,활동,"관련 1억원 기부, 2025년 울산·경북·경남 산불 피해 지역에 1억원 추가 기부"
ATEEZ,loyalty,10,경남,경남,불확실,경남,활동,"1억원 기부, 2025년 울산·경북·경남 산불 피해 지역에 1억원 추가 기부"
ATEEZ,loyalty,25,경남,진주,지명 확인,경남,연고,이티즈 멤버 성화의 고향인 경상남도 진주시가 그를 '진주시 홍보대사'로 위촉했으며
ATEEZ,loyalty,26,경남,진주,지명 확인,경남,활동,진주시는 2025년 12월 글로벌 K팝 스타로
DAY6,loyalty,46,서울,서울,불확실,서울,활동,도운은 2025년 10월 31일 삼성서울병원에 소아청소년 환자 치료비 지원을 위해
DAY6,loyalty,49,인천,인천,불확실,인천,활동,케이가 2026년 8월 14~16일 인천 인스파이어 아레나에서 연 첫 솔로 투어 
DAY6,spillover,16,부산,부산,지명 확인,부산,활동,데이식스가 2025년 2월 부산에서 6년 만에 단독 콘서트를 열어 현지 
DAY6,spillover,17,서울,서울,지명 확인,서울,활동, 투어의 일환으로 대구·부산을 거쳐 서울 체조경기장 콘서트로 마무리했다고 보도됐다
DAY6,spillover,17,부산,부산,지명 확인,부산,활동,이식스는 전국 투어의 일환으로 대구·부산을 거쳐 서울 체조경기장 콘서트로 마무리했
DAY6,spillover,17,대구,대구,지명 확인,대구,활동,데이식스는 전국 투어의 일환으로 대구·부산을 거쳐 서울 체조경기장 콘서트로 마
DAY6,spillover,18,부산,부산,지명 확인,부산,활동,의 일환으로 2026년 5월 16일 부산에서 콘서트를 개최한다.
IKON,loyalty,5,서울,서울,불확실,서울,활동,2015년 10월 서울올림픽체조경기장에서 열린 'Showtime
IKON,loyalty,8,서울,서울,불확실,서울,활동,"howtime'(2015.10.3) 서울올림픽체조경기장 13,000석 매진; 데뷔"
IKON,loyalty,18,서울,서울,지명 확인,서울,활동," 만의 완전체 복귀 공연이며, 5월 서울 공연에서 나타난 '폭발적인 팬 반응'이 "
IKON,loyalty,21,서울,서울,지명 확인,서울,활동,"김진환, 전역 후 서울·도쿄·오사카 팬미팅 투어와 'Jay's "
IKON,loyalty,26,서울,서울,지명 확인,서울,활동,"orld Tour'(2026년 5월 서울 장충체육관 시작, 아시아·유럽·북미·남미"
IKON,loyalty,51,서울,서울,불확실,서울,활동,자신의 생일인 2026년 2월 7일 서울 신한카드 SOL페이 스퀘어 라이브홀에서 
IKON,spillover,19,서울,서울,지명 확인,서울,활동,"r' 2026 월드투어 12개 도시(서울 개막, 일본 2곳, 아시아 6곳, 남미 "
IKON,spillover,20,경기,수원,불확실,경기,활동,2015년 수원 JS컵 홍보대사 위촉 행사에서 iKON이
IKON,spillover,21,강원,강릉,불확실,강원,기타,우)들이 함께 떠나는 2박 3일간의 강릉 여행 기록을 담은 리얼리티 예능입니다.
CORTIS,loyalty,14,인천,인천,지명 확인,인천,활동,"코르티스의 첫 단독 투어(인천 공연 및 북미 7개 도시 8회 공연, 총"
CORTIS,spillover,46,인천,인천,불확실,인천,활동,독 투어 콘서트가 7월 18~19일 인천 인스파이어 아레나에서 개막해 멤버십 선예
CORTIS,spillover,47,경기,경기도,지명 확인,경기,활동,CORTIS가 5월 13일 경기도 용인 소재 단국대학교 죽전캠퍼스 대학 
CORTIS,spillover,49,서울,서울,지명 확인,서울,활동,"티스)가 2026년 5월 홍익대학교(서울) 대학축제에 백예린, 하하 등과 함께 출"
CORTIS,spillover,55,충남,충남,불확실,충남,활동,"으로 수학여행 콘텐츠를 공개했으며, 충남 부여 백제문화단지 방문과 숙소 레크리에이"
CORTIS,spillover,60,서울,서울,지명 확인,서울,활동,코르티스가 데뷔 1주년을 맞아 서울 성동구 카시나 성수에서 8월 14~20일
CORTIS,spillover,61,전북,전주,불확실,전북,기타,빌보드 200 차트 진입 13주차에 전주 114위에서 39위로 75계단 급상승했고
BTOB,loyalty,7,강원,속초,불확실,강원,활동," 피해 성금 5천만 원, 2019년 속초 산불 성금 195만 원, 2020년 코로"
BTOB,loyalty,7,경북,포항,지명 확인,경북,활동,"팬덤 주도로 2017년 포항 지진 피해 성금 5천만 원, 2019년 "
BTOB,loyalty,8,대구,대구,지명 확인,대구,활동,합산인 195만원 기부; 2020년 대구 코로나19 의료진 지원에 321만원 기부
BTOB,loyalty,8,강원,속초,불확실,강원,활동,2019년 4월 멜로디가 속초 산불 피해 복구를 위해 멤버 7명 나이 
BTOB,loyalty,20,강원,속초,불확실,강원,활동,"위해 5,000만 원을, 2019년 속초 산불 피해 복구를 위해 195만 원을, "
BTOB,loyalty,20,경북,포항,지명 확인,경북,활동,"멜로디는 2017년 포항 지진 피해자를 돕기 위해 5,000만 원"
BTOB,loyalty,34,서울,서울,불확실,서울,활동," 컴백을 알리며, 앞서 7월 26일 서울어린이대공원 야외 콘서트 티켓을 1만원으로"
BTOB,spillover,2,충남,보령,불확실,충남,활동,2022년 보령해양머드박람회 앰버서더로 위촉되어 지역 축
BTOB,spillover,5,서울,서울,지명 확인,서울,기타,2018년 선행 활동으로 서울특별시장상을 수상했다.
FTISLAND,loyalty,14,서울,서울,불확실,서울,활동,"아일랜드, 2026년 6월 6~7일 서울 KBS아레나에서 'FaTe' 콘서트를 열"
FTISLAND,loyalty,17,울산,울산,지명 확인,울산,활동,울산대학교 축제에서 27년 만에 대학축제를 다
FTISLAND,loyalty,23,서울,서울,지명 확인,서울,활동,팬클럽 프리마돈나는 2025년 1월 서울 송파구 화훼마을 취약계층 주민에게 연탄 
FTISLAND,loyalty,26,서울,서울,불확실,서울,활동,FT아일랜드는 2025년 8월 서울 블루스퀘어 SOL트래블홀에서 콘서트를 열
FTISLAND,loyalty,27,서울,서울,불확실,서울,활동,FT아일랜드는 2026년 6월 서울 KBS아레나에서 데뷔 19주년 기념 콘서
FTISLAND,spillover,21,대구,대구,지명 확인,대구,활동,7월 1일 '2026 대구치맥페스티벌' 개막식에 FT아일랜드가 10
FTISLAND,spillover,22,전북,전북|전주,지명 확인,전북,활동,2026년 5월 전북대학교(전주) 대학축제 라인업에 FT아일랜
FTISLAND,spillover,31,서울,서울,불확실,서울,활동,009년 자원봉사 참여를 독려하는 '서울동행봉사단' 홍보대사로 위촉되어 봉사활동 
NewJeans,spillover,4,서울,서울,지명 확인,서울,활동,"광부 명예홍보대사, 2023년 2월 서울시 홍보대사로 각각 위촉되었다."
NewJeans,spillover,50,서울,서울,불확실,서울,기타,서울중앙지법이 2025.3.21 어도어의 가처
NewJeans,spillover,51,서울,서울,불확실,서울,기타,서울중앙지법이 2025.10.30 어도어 승소
NewJeans,spillover,60,강원,강원,지명 확인,강원,활동,뉴진스는 최근 강원도 철원에서 KBS 2TV 예능프로그램 '
NewJeans,spillover,63,서울,서울,지명 확인,서울,활동,서울시가 2023년 2월 16일 서울시청에서 
NewJeans,spillover,64,부산,부산,불확실,부산,활동,SBS 예능 '뉴진스 코드 in 부산'을 계기로 부산관광공사(visitbusa
NewJeans,spillover,66,부산,부산,지명 확인,부산,활동,뉴진스가 출연한 부산 동의대·부산대 축제에서는 공연 시작 50
NewJeans,spillover,85,서울,서울,불확실,서울,기타,Feel For Every You' 서울 캠페인을 진행했다.
NewJeans,spillover,107,서울,서울,지명 확인,서울,활동,뉴진스 해린이 2026년 9월 7일 서울 송파구 롯데월드타워 애비뉴엘에서 열린 크
BLACKPINK,loyalty,24,서울,서울,지명 확인,서울,활동,2026년 8월 8일) 기념 행사가 서울 국립중앙박물관에서 단 40명의 팬만 초청
BLACKPINK,loyalty,45,인천,인천,지명 확인,인천,활동,블랙핑크가 2017년 5월 1일 인천국제공항에서 인천본부세관(관세청) 명예 홍
BLACKPINK,spillover,76,경기,경기도,지명 확인,경기,활동,블랙핑크가 2025년 7월 5~6일 경기도 고양종합운동장 주경기장에서 K팝 걸그룹
IVE,loyalty,3,서울,서울,불확실,서울,활동,"Prom Queens'(2023)는 서울·요코하마·고베 등에서 전석 매진됐고, 동"
IVE,loyalty,20,경기,경기도,지명 확인,경기,기타,경기도 용인 소재 에버랜드가 IVE와 협업한 
IVE,loyalty,34,서울,서울,불확실,서울,연고," 주문해야 한다""고 추천했다고 스포츠서울일본판이 전했다."
IVE,spillover,33,대구,대구,지명 확인,대구,활동,"IVE가 2022년 5월 19일 대구 소재 계명대학교 축제(싸이, (여자)아이"
IVE,spillover,48,서울,서울,불확실,서울,기타,이브 레이가 여성 의류 브랜드 미세키서울(MISEKI SEOUL)과 2026 SS
IVE,spillover,55,서울,서울,불확실,서울,활동,이라는 팝업스토어도 운영됐다고 스포츠서울일본판이 전했다.
리센느(RESCENE),loyalty,0,서울,서울,불확실,서울,활동, 5개월 만인 2025년 8월 9일 서울 성신여대에서 첫 단독 팬콘서트를 개최하며
리센느(RESCENE),loyalty,3,경남,거제,불확실,경남,활동,2025년 6월 거제 미니 팬미팅은 안전상 이유로 50명 한정
리센느(RESCENE),loyalty,9,경남,거제,불확실,경남,기타,워니가 멤버 미나미와 함께 올린 '거제 야호' 영상이 조회수 1천만 회를 넘기며
리센느(RESCENE),loyalty,10,경남,거제|경남,불확실,경남,기타,INE)'이 2026년 8월 18일 경남 수해(거제 638.7mm·통영 453.7
리센느(RESCENE),loyalty,18,경남,거제,지명 확인,경남,활동,팬클럽 '리마인'은 2026년 8월 거제·통영 지역 집중호우 피해 복구를 위해 희
리센느(RESCENE),loyalty,19,경남,거제,지명 확인,경남,연고,"253만 7,680원을 기부했으며, 거제 출신 멤버 원이와의 인연으로 시작된 캠페"
리센느(RESCENE),loyalty,21,경남,거제,지명 확인,경남,활동,"리센느·팬클럽의 거제 수해 복구 기부 릴레이는 ""선한 영향력"""
리센느(RESCENE),loyalty,26,경남,거제|경남,불확실,경남,기타, 팬덤 '리마인'은 2026년 8월 경남 거제·통영 수해 피해 지원을 위해 희망브
리센느(RESCENE),loyalty,27,경남,거제,지명 확인,경남,활동,"리센느는 2026년 8월 거제 수해 복구를 위해 그룹 자체로 5,000"
리센느(RESCENE),loyalty,28,경남,거제,지명 확인,경남,연고,리센느는 멤버 원이의 고향인 거제에서 '거제 야호' 밈으로 화제를 모은 뒤
리센느(RESCENE),spillover,4,경남,거제,지명 확인,경남,활동,거제시는 리센느를 홍보대사로 위촉해 '거제 야
리센느(RESCENE),spillover,8,경기,수원,불확실,경기,연고,거제·수원·경주·고양 등 고향 지자체의 명예홍보대사
리센느(RESCENE),spillover,8,경북,경주,불확실,경북,연고,거제·수원·경주·고양 등 고향 지자체의 명예홍보대사로 위
리센느(RESCENE),spillover,8,경남,거제,불확실,경남,연고,거제·수원·경주·고양 등 고향 지자체의 명예홍
리센느(RESCENE),spillover,10,경남,거제,지명 확인,경남,연고,2026년 5월 25일 거제시가 리센느를 '거제시 홍보대사'로 공식 
리센느(RESCENE),spillover,25,대전,대전,불확실,대전,활동,"연, 숙소 생활과 데뷔 초 노력담(휴대전화 반납 등)을 처음 공개했다."
리센느(RESCENE),spillover,27,경남,거제,지명 확인,경남,활동,"리센느가 지난 5월 거제시 홍보대사로 위촉됐으며, 8월 거제 집중"
리센느(RESCENE),spillover,28,대전,대전,지명 확인,대전,활동,리센느가 10월 9~11일 열리는 대전 동구동락 축제에 공연 출연을 앞두고 있다
리센느(RESCENE),spillover,36,경남,거제,지명 확인,경남,활동,리센느(RESCENE)가 경상남도 거제시 홍보대사로 위촉됐다.
리센느(RESCENE),spillover,37,경기,경기도|수원,지명 확인,경기,활동,리센느(RESCENE)가 경기도 수원시 홍보대사로 위촉됐다.
리센느(RESCENE),spillover,38,경북,경주,지명 확인,경북,활동,리센느(RESCENE)가 경상북도 경주시 홍보대사로 위촉됐다.
리센느(RESCENE),spillover,39,경기,경기도,지명 확인,경기,활동,리센느(RESCENE)가 경기도 고양시 홍보대사로 위촉됐다.
(여자)아이들,loyalty,1,서울,서울,지명 확인,서울,활동,2022년 6월 서울 콘서트 추가 공연 티켓이 오픈 3분 만에
(여자)아이들,loyalty,9,서울,서울,지명 확인,서울,활동,[JUST ME (Q)I-DLE]' 서울 공연 네버랜드 회차 선예매 티켓이 2회차
(여자)아이들,loyalty,11,서울,서울,지명 확인,서울,활동,2022년 6월 올림픽홀 서울 콘서트 추가 공연 티켓 3분 만에 매진
(여자)아이들,loyalty,16,서울,서울,지명 확인,서울,활동,(여자)아이들 월드투어 서울 콘서트(5월 16일 공연분)의 공식 팬클
(여자)아이들,loyalty,30,서울,서울,지명 확인,서울,활동,(여자)아이들의 월드투어 서울 공연은 2024년 6월 일반예매 시작 1
(여자)아이들,spillover,9,서울,서울,지명 확인,서울,활동,2018년 12월 서울특별시 홍보대사로 위촉되어 2년간 활동했다
(여자)아이들,spillover,35,부산,부산,불확실,부산,활동,2024년 5월 건국대·연세대·부산대·인제대·수원대·한성대 등 대학축제 무대
(여자)아이들,spillover,35,경기,수원,불확실,경기,활동, 5월 건국대·연세대·부산대·인제대·수원대·한성대 등 대학축제 무대에서 (여자)아
(여자)아이들,spillover,51,서울,서울,불확실,서울,활동, 연예 매체 NOWnews는 그녀가 서울의 자택(추정가 대만달러 약 4000만 위
(여자)아이들,spillover,52,서울,서울,지명 확인,서울,활동,(여자)아이들은 서울시가 코로나19로 지친 시민을 위해 기획한
(여자)아이들,spillover,67,강원,원주,불확실,강원,기타,OWnews는 슈화의 어머니가 대만 원주민 泰雅族(아타얄족)이고 아버지는 객가인이
TWICE,loyalty,17,서울,서울,불확실,서울,활동,전석 솔드아웃 달성 후 10월18일 서울 고려대 화정체육관에서 개최
TWICE,loyalty,32,울산,울산,지명 확인,울산,활동,2026년 5월 28일 생일을 맞아 울산 지역 백혈병 환우 치료비 지원을 위해 3
TWICE,loyalty,60,울산,울산,지명 확인,울산,활동,멤버 나연과 다현은 2025년 3월 울산 울주군 산불 피해 이재민 지원을 위해 각
TWICE,spillover,19,인천,인천,불확실,인천,활동,"FOR' 월드투어, 2025년 7월 인천 인스파이어 아레나에서 개막해 81회 공연"
ITZY,loyalty,13,서울,서울,불확실,서울,활동,"ION' 월드투어, 2025년 2월 서울 개막 후 도쿄(5월)·홍콩·가오슝(6월)"
ITZY,spillover,9,서울,서울,불확실,서울,기타,크·가온차트·멜론뮤직어워드·MAMA·서울가요대상 등 5대 신인상을 모두 석권하는 
ITZY,spillover,31,인천,인천,지명 확인,인천,활동,2024년 8월 인천 미추홀구 문학경기장 주경기장에서 열린 제
LE SSERAFIM,spillover,55,서울,서울,지명 확인,서울,기타,텐츠 '르니버스'를 공개한다고 스포츠서울이 보도
LE SSERAFIM,spillover,58,서울,서울,지명 확인,서울,활동, 에너지를 끌어올렸다'고 평가했다는 서울경제 보도(일부 라이브 비판 여론도 병기)
LE SSERAFIM,spillover,59,인천,인천,불확실,인천,활동,W'를 2026년 7월 11~12일 인천 인스파이어 아레나에서 시작하며 이틀간 전
LE SSERAFIM,spillover,60,부산,부산,지명 확인,부산,기타,NCERT: INVITATION'이 부산 롯데시네마 서면에서 2주간(5월 8~10
LE SSERAFIM,spillover,61,서울,서울,불확실,서울,활동,"전국 7개 대학 축제에 출연했으며, 서울 외에 광주대학교(광주), 호서대학교 아산"
LE SSERAFIM,spillover,61,부산,부산,불확실,부산,활동,"아산캠퍼스(충남 아산), 동명대학교(부산) 등 지방 대학 축제 무대에도 올랐다."
LE SSERAFIM,spillover,61,광주,광주,불확실,광주,활동,"대학 축제에 출연했으며, 서울 외에 광주대학교(광주), 호서대학교 아산캠퍼스(충남"
LE SSERAFIM,spillover,61,충남,아산|충남,불확실,충남,활동,"학교(광주), 호서대학교 아산캠퍼스(충남 아산), 동명대학교(부산) 등 지방 대학"
LE SSERAFIM,spillover,69,부산,부산,지명 확인,부산,활동, 확산되며 롯데시네마 월드타워점에서 부산본점까지 상영이 확대됐다. 허윤진·사쿠라·
aespa,loyalty,18,서울,서울,불확실,서울,활동,2026년 8월 서울 올림픽공원 KSPO DOME에서 진행된 
aespa,loyalty,36,서울,서울,불확실,서울,활동,에스파가 8월 29일부터 31일까지 서울 올림픽공원 KSPO돔에서 진행한 콘서트 
aespa,loyalty,37,서울,서울,지명 확인,서울,활동,인먼트 공식 뉴스룸이 에스파의 6월 서울 콘서트가 양일간 시야제한석까지 전석 매진
aespa,loyalty,39,대전,대전,불확실,대전,활동,에스파가 2024년 10월 30일 대전 충남대학교 대학축제 무대에 출연했다.
aespa,loyalty,39,충남,충남,불확실,충남,활동,파가 2024년 10월 30일 대전 충남대학교 대학축제 무대에 출연했다.
aespa,loyalty,44,서울,서울,지명 확인,서울,활동,에스파 윈터의 팬클럽은 2023년 서울숲에 벤치와 수목을 기부해 약 20㎡ 규모
aespa,loyalty,45,서울,서울,불확실,서울,활동,에스파 윈터의 팬클럽은 2025년 서울숲 중앙호수 산책로에 'W' 이니셜을 형상
aespa,spillover,48,서울,서울,지명 확인,서울,활동,": HYPER LINE'(2023년 서울 시작, 전 세계 21개 도시 진행)의 런"
aespa,spillover,56,인천,인천,지명 확인,인천,활동,에스파는 2024년 5월 인천국제공항공사의 명예홍보대사로 위촉되어 SM
aespa,spillover,83,인천,인천,지명 확인,인천,활동,aespa가 2024~2025년 인천국제공항 명예홍보대사로 위촉됐다.
프로미스나인,loyalty,6,서울,서울,지명 확인,서울,활동,"22년 9~10월 첫 단독 콘서트를 서울 3회, 일본 1회 모두 매진시켰다"
프로미스나인,loyalty,15,서울,서울,불확실,서울,활동,월드투어 'NOW TOMORROW'(서울·뉴욕·워싱턴DC·시카고·LA·시애틀·도쿄
프로미스나인,loyalty,26,서울,서울,지명 확인,서울,활동,인은 2025-26 월드투어 앙코르 서울 공연이 이틀간 전석 매진되자 2026년 
프로미스나인,loyalty,27,서울,서울,불확실,서울,활동,미스나인은 2026년 9월 4~6일 서울 고려대 화정체육관에서 '2026 프로미스
프로미스나인,loyalty,28,서울,서울,지명 확인,서울,활동,나인은 2026년 9월 아시아 투어 서울 공연 개막 당시 팬클럽 플로버의 서포트 
프로미스나인,spillover,14,서울,서울,지명 확인,서울,활동,"morrow' 발표, 8월9-10일 서울 공연 확정"
프로미스나인,spillover,26,부산,부산,지명 확인,부산,활동,2023년 9월 14일 부산에서 열린 '2030 부산엑스포 유치 기원
프로미스나인,spillover,27,강원,강원|원주,지명 확인,강원,활동,2023년 9월 22일 강원 원주에서 열린 '2023 원주 댄싱카니발
프로미스나인,spillover,32,대전,대전,불확실,대전,활동,2026년 5월 대전 우송대학교 대학축제 라인업에 프로미스나인
프로미스나인,spillover,33,충남,천안|충남,불확실,충남,활동,2026년 5월 충남 단국대학교 천안캠퍼스 대학축제 라인업에 
A-pink,loyalty,15,서울,서울,지명 확인,서울,활동,15주년 아시아 투어(서울·타이베이·마카오·싱가포르·가오슝·홍콩·쿠
A-pink,loyalty,29,부산,부산,지명 확인,부산,활동,에이핑크가 2017 부산원아시아페스티벌(부산 아시아드 주경기장·해
A-pink,spillover,22,충남,아산|충남,불확실,충남,활동,에이핑크가 충남 아산 호서대학교 캠퍼스 축제 무대에 올라
A-pink,spillover,23,경기,경기도|의정부,지명 확인,경기,활동,에이핑크가 경기도 의정부 신한대학교 '2025 화랑제' 
A-pink,spillover,28,전북,전북,지명 확인,전북,활동, 버라이어티 '이리오너라'에 출연해 전북 익산의 역사·문화 콘텐츠를 다루는 예능 
A-pink,spillover,32,경기,경기도|수원,지명 확인,경기,기타,핑크의 윤보미가 2017~2018년 경기도 수원시 홍보모델로 활동했다.
A-pink,spillover,48,대구,대구,지명 확인,대구,활동, 멤버 정은지가 현장에서 '타이베이 대구단(大巨蛋)으로 나아가자'며 팬 한 명이 
A-pink,spillover,49,대구,대구,지명 확인,대구,활동,크가 2026년 7월 31일 가오슝 대구단에서 열린 프로야구 미취안룽(味全龍) 구
A-pink,spillover,51,서울,서울,지명 확인,서울,기타,크 윤보미는 2026년 5월 16일 서울 그랜드 하얏트 서울에서 9년 열애 끝에 
QWER,loyalty,3,서울,서울,지명 확인,서울,활동,첫 월드투어 'ROCKATION'의 서울 공연 3회차가 전석 매진되며 압도적 티켓
QWER,loyalty,9,서울,서울,지명 확인,서울,활동,2025년 10월 3~5일 서울에서 첫 월드투어 'Rockation'을 
QWER,loyalty,21,서울,서울,지명 확인,서울,활동,"RLD TOUR ROCKATION' 서울 공연(10월 3~5일, 올림픽공원 티켓링"
QWER,loyalty,30,서울,서울,불확실,서울,활동," 수익 등을 모아 3,000만 원을 서울아산병원 어린이병원에 기부했으며, 멤버들은"
QWER,loyalty,30,충남,아산,불확실,충남,활동,"익 등을 모아 3,000만 원을 서울아산병원 어린이병원에 기부했으며, 멤버들은 직"
QWER,loyalty,31,서울,서울,지명 확인,서울,활동,바위게'는 2025년 12월 20일 서울 노원구 일대에서 약 40명이 참여해 도움
QWER,loyalty,32,경기,화성,지명 확인,경기,활동,는 멤버 히나의 생일을 기념해 경기 화성시 반려동물 보호소 '반려마루'에서 25명
QWER,loyalty,33,서울,서울,지명 확인,서울,기타,한 축하 영상이 2025년 5~6월 서울 마포구 합정역·홍대·DMC역·신촌 및 강
QWER,loyalty,34,서울,서울,불확실,서울,기타,"가 진행돼, 도쿄 신주쿠·신오쿠보와 서울 지하철 합정역 등지에 축하 영상이 상영되"
QWER,loyalty,35,서울,서울,지명 확인,서울,활동,곡 2곡을 공개하고 9월 7~13일 서울 더현대서울에서 '치즈 유어 QWER 리스
QWER,spillover,2,서울,서울,지명 확인,서울,활동,ROCKATION 월드투어 서울 공연이 예매 오픈 5분 만에 전석 매진되
QWER,spillover,15,서울,서울,불확실,서울,활동,"이 주요 섭외 아티스트로 언급되며, 서울 주요 대학의 축제 예산이 1억~3억 원대"
QWER,spillover,22,서울,서울,지명 확인,서울,활동,"확정, 대학축제 13곳·해군사관학교/서울방위사령부 등 군부대 공연 초청 — ""Yo"
QWER,spillover,22,인천,인천,불확실,인천,활동," Festival 2024(8/2, 인천) 출연 확정, 대학축제 13곳·해군사관학"
QWER,spillover,24,충남,보령|충남,불확실,충남,활동," 행사(2024년 8월 8~11일, 충남 보령 대천해수욕장 머드광장 일대)의 축하"
QWER,spillover,34,서울,서울,지명 확인,서울,활동,WER이 2024년 6월 14일 정부서울청사에서 열린 '제5회 섬의 날' 행사의 
QWER,spillover,52,서울,서울,불확실,서울,활동,"뮤직 페스티벌(4월 5일), 2026서울히어로락페스티벌(4월 25일) 등 국내외 "
QWER,spillover,53,대구,대구,지명 확인,대구,활동,대·연세대·한밭대·홍익대 세종캠퍼스·대구가톨릭대·경성대 등 전국 7개 대학 축제에
QWER,spillover,59,부산,부산,지명 확인,부산,활동, 회복 기간을 갖기로 했다고 밝히며 부산원아시아페스티벌 등 예정된 행사 불참을 공
BABYMONSTER,loyalty,37,서울,서울,지명 확인,서울,활동,"BABYMONSTER 서울 콘서트('춤' 월드투어, 6월 26~28"
BABYMONSTER,loyalty,38,서울,서울,지명 확인,서울,활동,BABYMONSTER 서울 콘서트 현장에서 멤버들은 '서울에서 보는
BABYMONSTER,loyalty,39,강원,강원|춘천,지명 확인,강원,연고,"베이비몬스터 멤버 아현이 강원도 춘천 출신으로, 춘천 대룡중 재학 시절"
BABYMONSTER,loyalty,40,강원,강원|춘천,지명 확인,강원,연고,현의 베이비몬스터 멤버 확정 소식을 강원일보가 지역 인물로 보도
BABYMONSTER,loyalty,47,서울,서울,지명 확인,서울,활동,베이비몬스터는 두 번째 월드투어 서울 공연에서 3회차 전석 매진을 기록했다.
BABYMONSTER,spillover,43,서울,서울,불확실,서울,활동,"했으며, YG엔터테인먼트가 제작하고 서울 성북동의 한 단독주택에서 촬영됐다."
BABYMONSTER,spillover,48,대전,대전,일반어·비지명,,활동,"텍스에서 열린 '2026 SBS 가요대전: SUMMER'에서 '춤(CHOOM)',"
소녀시대,loyalty,4,서울,서울,지명 확인,서울,활동,o the New World' 투어 서울 공연 티켓이 오픈 3분 만에 매진됐다
소녀시대,loyalty,16,서울,서울,불확실,서울,활동,"00명 규모 홀만 배정하자 팬들이 ""서울 KSPO돔(1만8000명)·홍콩(1만명)"
소녀시대,loyalty,28,서울,서울,불확실,서울,활동,시대의 2011년 7월 23~24일 서울 올림픽공원 체조경기장 아시아투어 콘서트는
소녀시대,spillover,3,서울,서울,지명 확인,서울,활동,"서울시 자원봉사센터, 한국방문의해, G20 정"
소녀시대,spillover,30,전남,전남,불확실,전남,활동,소녀시대가 2012년 7월 12일 전남 여수세계박람회(여수엑스포)장에서 열린 '
소녀시대,spillover,40,서울,서울,불확실,서울,기타, 데뷔로 이어진' 성공 사례로 스포츠서울 등 매체에서 조명받았다.
소녀시대,spillover,44,서울,서울,지명 확인,서울,활동,소녀시대는 2012년 3월 서울 강남구 홍보대사로 위촉되어 지자체 홍보 
소녀시대,spillover,45,인천,인천,지명 확인,인천,활동,소녀시대는 2010년 4월 인천공항세관 홍보대사로 위촉되어 관세청 산하 
소녀시대,spillover,47,서울,서울,불확실,서울,활동,소녀시대는 2010년 10월 '서울 G20 정상회의 성공기원 스타 서포터즈'
소녀시대,spillover,68,대구,대구,지명 확인,대구,활동,버 태연이 2025년 3월 타이베이 대구단(台北大巨蛋)에서 단독 콘서트를 열며 해
소녀시대,spillover,70,서울,서울,지명 확인,서울,활동,보도됐다. 결별 직후인 6월 13일 서울 마포구에서 열린 '제12회 시각장애인과 
소녀시대,spillover,71,서울,서울,지명 확인,서울,활동,시대 유리는 2026년 1월 24일 서울 연세대학교 백주년기념관에서 세 번째 개인
오마이걸,loyalty,7,서울,서울,불확실,서울,활동,2025년 4월 20일 서울 올림픽홀에서 열린 데뷔 10주년 콘서트 
오마이걸,loyalty,20,경기,경기도|부천,지명 확인,경기,활동,오마이걸 효정이 경기도 부천시에서 열리는 제28회 부천국제애니
오마이걸,loyalty,21,서울,서울,불확실,서울,활동," MY LAND)'(11월 25일, 서울 KBS 아레나, 2회)에서 전석 매진을 "
오마이걸,spillover,15,경기,부천,불확실,경기,활동,"제28회 부천국제애니메이션페스티벌(BIAF2026, 2"
오마이걸,spillover,21,충남,충남,불확실,충남,활동,2026년 5월 22일 충남의 한 대학 축제 공연에서 멤버들이 마시던
오마이걸,spillover,28,강원,강원,지명 확인,강원,활동,"'를 공동 제작해 방영했으며, 겨울 강원도에서 촬영한 UHD 콘텐츠로 멤버들의 자"
오마이걸,spillover,42,경기,부천,지명 확인,경기,활동,오마이걸 멤버 효정이 부천시가 개최하는 제28회 부천국제애니메이션페
오마이걸,spillover,55,서울,서울,지명 확인,서울,활동,25년 5월 3일부터 6월 5일까지 서울 성동구 성수문화예술마당에서 열린 몰입형 
여자친구,loyalty,7,서울,서울,불확실,서울,활동,표되고 2025년 1월 17~19일 서울 올림픽홀에서 재결합 콘서트가 열렸다.
여자친구,loyalty,14,서울,서울,불확실,서울,활동, 맞아 2025년 1월 17~19일 서울 올림픽공원 올림픽홀에서 재결합 콘서트를 
여자친구,loyalty,19,서울,서울,지명 확인,서울,활동,"여자친구 10주년 기념 콘서트(서울 올림픽홀, 3일간)에는 총 9000명이 "
여자친구,loyalty,37,서울,서울,지명 확인,서울,활동, 2017년 4월 2일 첫 팬미팅은 서울 올림픽공원 올림픽홀 3천석 규모로 열려 
여자친구,loyalty,40,서울,서울,불확실,서울,활동,여자친구는 2018년 5월 서울 올림픽공원 SK올림픽핸드볼경기장에서 콘서
여자친구,loyalty,42,서울,서울,불확실,서울,활동,친구는 2025년 1월 17~19일 서울 올림픽공원 올림픽홀에서 데뷔 10주년 완
STAYC,loyalty,9,서울,서울,지명 확인,서울,활동,"'를, 2025년 4월 12~13일 서울에서 두 번째 월드투어 'Stay Tune"
STAYC,loyalty,19,서울,서울,지명 확인,서울,활동,5 'STAY TUNED' 월드투어 서울 올림픽홀 개막(4.12-13) — 약 5
STAYC,loyalty,33,서울,서울,불확실,서울,활동,STAYC가 8월 22~23일 서울 블루스퀘어 아워원뱅킹홀에서 '2026 팬
STAYC,loyalty,34,서울,서울,지명 확인,서울,활동,"단독 콘서트 'STAY TUNED' 서울 공연(2025년 4월 12~13일, 올림"
STAYC,spillover,20,부산,부산,지명 확인,부산,기타,부산관광공사가 스테이씨와 협업해 리얼리티 예능
STAYC,spillover,21,충남,충남,불확실,충남,활동,약한 데 이어 9월부터 가톨릭관동대·충남대·숙명여대·성균관대·인하대·한양대 에리카
레드벨벳,loyalty,7,서울,서울,지명 확인,서울,활동,8월 데뷔 10주년 팬콘서트 투어의 서울 공연이 전 회차 매진되어 8월 2일 공연
레드벨벳,loyalty,43,대구,대구,지명 확인,대구,연고,레드벨벳 아이린이 고향인 대구를 위해 코로나19 성금 1억원을 기부
레드벨벳,loyalty,50,서울,서울,불확실,서울,활동," 티켓 오픈 직후 전석 매진됐으며, 서울·타이베이에 이은 이번 공연에서도 팬들이 "
레드벨벳,spillover,33,서울,서울,지명 확인,서울,활동,데뷔 10주년을 맞아 서울 팬콘 투어 실황을 담은 콘서트 실황 영화
레드벨벳,spillover,39,대전,대전,일반어·비지명,,활동,TV로 방영된 '2026 SBS 가요대전: SUMMER'에 32번째 순서로 출연해
레드벨벳,spillover,41,대전,대전,일반어·비지명,,활동,텍스에서 열린 '2026 SBS 가요대전 Summer' 블루카펫에 참석해 데뷔 1
엔믹스,loyalty,1,전북,전주,불확실,전북,기타,"Blind Package' 상품이 사전주문 6만 1,000개를 기록했다."
엔믹스,loyalty,13,서울,서울,불확실,서울,활동,팅 'NSWER VACATION'을 서울 고려대 화정체육관에서 하루 2회(오후 1
엔믹스,loyalty,21,인천,인천,불확실,인천,활동,룹이 2025년 11월 29~30일 인천 인스파이어 아레나 공연을 매진시켰다는 성
엔믹스,loyalty,22,인천,인천,지명 확인,인천,활동, 3년 9개월 만의 첫 단독 콘서트(인천 인스파이어 아레나)에서 티켓 오픈 전 회
마마무,loyalty,22,서울,서울,불확실,서울,활동,데뷔 12주년 완전체 서울 단독 콘서트 '4WARD'가 전석 매진을
마마무,loyalty,24,전북,전북|전주,불확실,전북,활동,화사와 휘인이 학창시절을 보낸 전주(전북)의 모교(전주 중학교)를 예능에서 함께 
마마무,loyalty,25,전북,전북|전주,지명 확인,전북,활동, 우정여행으로 학창시절을 보낸 전주(전북) 방문
마마무,spillover,5,서울,서울,불확실,서울,활동,"st어워즈에서 각 5회, 골든디스크·서울가요대상·더팩트뮤직어워즈에서 각 4회 수상"
아이오아이,loyalty,9,서울,서울,불확실,서울,활동,"0주년을 기념해 9년 만에 재결합, 서울·방콕·홍콩을 도는 아시아 투어 'I.O."
아이오아이,loyalty,14,서울,서울,지명 확인,서울,활동,"10주년 기념 콘서트 투어(서울 잠실실내체육관, 방콕, 홍콩) 티켓이 2"
아이오아이,loyalty,18,서울,서울,지명 확인,서울,활동,재결합 활동은 서울 콘서트 후 아시아 투어로 이어질 예정 —
아이오아이,loyalty,35,전북,전북,지명 확인,전북,연고,아이오아이 출신 김세정의 고향 집이 전북 김제에 있음을 예능 프로그램에서 공개
아이오아이,loyalty,40,서울,서울,불확실,서울,활동,김세정이 2026년 서울·타이베이·마닐라 등을 도는 개인 글로벌 
아이오아이,spillover,38,서울,서울,불확실,서울,기타,일본 연예매체 스포츠서울일본판은 아이오아이가 1년 미만의 짧은 활
아이오아이,spillover,48,서울,서울,불확실,서울,활동,10주년 9인 재결합(신보 발매 및 서울·방콕·타이베이 아시아 투어 계획)에 유일
Hearts2Hearts,loyalty,23,서울,서울,불확실,서울,활동, 만들다) 기사에서 그녀가 MAMA·서울가요대상·ASEA Awards 2025 등
Hearts2Hearts,loyalty,24,서울,서울,지명 확인,서울,연고,"A(X/트위터)가 카르멘의 KBRI 서울 방문 소식을 직접 전하며 ""Carmen,"
Hearts2Hearts,spillover,0,서울,서울,지명 확인,서울,활동,2025년 6월 서울시가 하츠투하츠와 엔하이픈을 포함한 7인을
Hearts2Hearts,spillover,24,서울,서울,지명 확인,서울,연고,"르멘, 프라보워 인도네시아 대통령의 서울 방문 중 만남·기념사진이 안타라 통신 등"
Hearts2Hearts,spillover,27,서울,서울,지명 확인,서울,활동,"카르멘, 서울 주한 인도네시아 대사관을 방문해 대사로부"
Hearts2Hearts,spillover,34,부산,부산,지명 확인,부산,활동,6월 28일 부산 개최 '2026 부산원아시아페스티벌(BO
Hearts2Hearts,spillover,49,서울,서울,지명 확인,서울,활동,서울특별시가 하츠투하츠를 2025년 서울특별시
Hearts2Hearts,spillover,57,서울,서울,지명 확인,서울,활동,하츠투하츠는 2025년 2월 24일 서울 광진구 예스24 라이브홀에서 데뷔 싱글 
Hearts2Hearts,spillover,72,대전,대전,일반어·비지명,,활동, 2026년 9월 4일 'SBS 가요대전 서머(Summer)' 무대에 올라 방송 
워너원,loyalty,15,서울,서울,지명 확인,서울,활동,워너원 서울 콘서트에 총 6만 명의 관객이 몰려 대규
워너원,loyalty,20,서울,서울,불확실,서울,활동,대만 ETtoday: 2018년 서울 킥오프 콘서트(6.1-3) 티켓 6만 장
워너원,loyalty,21,서울,서울,불확실,서울,활동,서울 고척스카이돔 콘서트(3일간) 6만 석이 
워너원,loyalty,22,서울,서울,불확실,서울,활동,서울 올림픽공원에서 4회에 걸쳐 열린 팬미팅에
워너원,loyalty,44,부산,부산,불확실,부산,연고," 영국 런던 단독 투어 'ACT', 부산 워터밤 등 해외 무대를 잇달아 소화하며 "
워너원,spillover,31,부산,부산,지명 확인,부산,연고,원 출신 강다니엘이 2019년 4월 부산시가 실시한 '부산시 홍보대사 시민 추천 
워너원,spillover,32,서울,서울,불확실,서울,활동,9년 만의 재회로 열린 서울 DMC 문화공원 깜짝 팬미팅에서 멤버들이
워너원,spillover,43,서울,서울,불확실,서울,활동,로 전향해 넷플릭스 오리지널 영화 '서울대작전'과 류승룡·염정아 주연의 극장 개봉
워너원,spillover,45,서울,서울,지명 확인,서울,활동,스포츠서울 보도에 따르면 워너원은 데뷔 후 약 1년
워너원,spillover,58,서울,서울,지명 확인,서울,연고,출신 윤지성이 2026년 8월 4일 서울 대학로에서 1인 2역 뮤지컬 '소년의 초
아일릿,loyalty,26,경기,경기도,지명 확인,경기,활동,아일릿이 2026년 5월 12일 경기도 용인시 용인대학교 대학축제 무대에 올라
아일릿,loyalty,29,서울,서울,불확실,서울,기타, 2026년 9월 2일부터 6일까지 서울 용산 하이브 사옥 1층에서 운영하며 포토
아일릿,spillover,2,서울,서울,불확실,서울,활동,"독 콘서트 ""PRESS START""(서울 티켓링크라이브아레나, 3.14~15)를 "
아일릿,spillover,38,서울,서울,지명 확인,서울,활동,"까봐 두려웠는데, 검사를 했다')과 서울역 캐스팅 비화 등을 공개하며 화제를 모았"
아일릿,spillover,45,충남,충남,지명 확인,충남,활동, 쌀 소비 촉진 홍보대사로 위촉되어 충남 당진에서 모내기 체험을 진행했다.
GOT7,loyalty,10,서울,서울,지명 확인,서울,활동,2025년 2월 서울에서 열린 완전체 재결합 콘서트 'NEST
GOT7,loyalty,29,서울,서울,불확실,서울,기타," GOT7(아이갓세븐)은 2014년 서울가요대상 유료 투표에 약 6,500만 원을"
김재중,loyalty,5,서울,서울,불확실,서울,활동,2025년 1월 25~26일 서울 KBS아리나에서 열린 생일 겸 팬미팅 '
김재중,loyalty,12,서울,서울,불확실,서울,활동,재중은 2025년 1월 25~26일 서울 KBS아레나에서 데뷔 이후 매년 생일 기
김재중,loyalty,14,서울,서울,지명 확인,서울,활동,"JX 콘서트 IDENTITY' 투어(서울 KSPO DOME, 일본 사이타마 벨루나"
김재중,loyalty,16,인천,인천,불확실,인천,활동,"CONCERT (CORE)'를 통해 인천(10월 9~11일), 고베(11월 3~4"
김재중,loyalty,21,서울,서울,불확실,서울,활동,2026년 8월 29~30일 서울 KBS아레나에서 열린 단독 콘서트 '20
김재중,loyalty,31,강원,강원,지명 확인,강원,활동,"김재중은 2019년 강원도 산불 피해 주민들에게 1,000만 원을"
김재중,loyalty,37,서울,서울,불확실,서울,활동,026년 8월 29일부터 30일까지 서울 KBS 아레나에서 단독 콘서트 'THE 
김재중,loyalty,38,서울,서울,지명 확인,서울,기타,"를 동경해 가수를 꿈꾼 어린 시절, 서울에서 아르바이트 생활, 2003년 동방신기"
김재중,spillover,10,서울,서울,지명 확인,서울,활동,2025년 5월 서울 장충체육관에서 열린 'Beauty in 
김재중,spillover,11,서울,서울,지명 확인,서울,활동,김재중은 2025년 12월 2일 서울시청에서 열린 제1회 '서울 나눔-이음' 
김재중,spillover,20,서울,서울,불확실,서울,기타,기 3인)는 2009년 7월 31일 서울중앙지법에 SM엔터테인먼트를 상대로 전속계
김재중,spillover,24,서울,서울,불확실,서울,활동, 소속 아티스트 및 전 직원과 함께 서울 신림종합사회복지관에서 김장 나눔 봉사를 
박서진,loyalty,10,대전,대전,불확실,대전,활동,2022년 10월 대전 뮤직페스티벌에서 닻별 회원들은 비가 내리
박서진,loyalty,11,경남,경남,불확실,경남,연고,닻별 경남2서부지부는 박서진의 고향인 삼천포종합사회
박서진,loyalty,13,서울,서울,지명 확인,서울,기타,닻별 대구·서울 지부는 각각 나눔리더스클럽과 착한팬클럽에
박서진,loyalty,13,대구,대구,지명 확인,대구,기타,닻별 대구·서울 지부는 각각 나눔리더스클럽과 착한팬
박서진,loyalty,14,경북,경북,지명 확인,경북,기타,박서진 팬덤은 경북 문경시에 '닻별 테마길'을 조성해 팬덤 
박서진,loyalty,17,경기,의정부,불확실,경기,활동,기 2지부는 2026년 8월 15일 의정부영아원을 찾아 후원금 300만원을 한국사
박서진,loyalty,19,경북,경북,지명 확인,경북,활동,경북 문경시 종합동 문화의거리에는 팬클럽명을 
박서진,loyalty,27,서울,서울,지명 확인,서울,활동,"MY NAME IS SEOJIN'을 서울·부산·광주·대구 등에서 개최했으며, 서울"
박서진,loyalty,27,부산,부산,지명 확인,부산,활동,"NAME IS SEOJIN'을 서울·부산·광주·대구 등에서 개최했으며, 서울에서는"
박서진,loyalty,27,대구,대구,지명 확인,대구,활동,"S SEOJIN'을 서울·부산·광주·대구 등에서 개최했으며, 서울에서는 앵콜 공연"
박서진,loyalty,27,광주,광주,지명 확인,광주,활동,"E IS SEOJIN'을 서울·부산·광주·대구 등에서 개최했으며, 서울에서는 앵콜"
박서진,loyalty,31,경남,경남,불확실,경남,활동,박서진 팬클럽 '닻별' 경남1지부는 통영시 수해 피해 복구를 위해 성
박서진,loyalty,32,서울,서울,불확실,서울,활동,박서진 팬클럽 '닻별' 서울지부 회원 약 50명은 2024년 12월 
박서진,spillover,5,서울,서울,지명 확인,서울,활동,"언론은 박서진의 현역가왕2 우승이 서울 공연 5회 매진, 음반 2만 장 이상 판"
박서진,spillover,12,충북,충북,지명 확인,충북,활동,26년 6월 KBS '전국노래자랑' 충북 괴산군 편에서 장구 퍼포먼스와 함께 피날
박서진,spillover,13,경남,경남|진주,지명 확인,경남,활동,박서진은 '전국노래자랑' 경남 진주시 편에서 초대가수로 출연해 5명의 
박서진,spillover,14,경북,경북,지명 확인,경북,활동,은 2026년 5월 '전국노래자랑' 경북 칠곡군 편에서 '첫눈에 반해 버린 사람아
박서진,spillover,15,경북,경북,지명 확인,경북,활동,3년 5월 문경찻사발축제 개막식에서 경북 문경시 홍보대사로 위촉돼 사과축제·오미자
박서진,spillover,25,서울,서울,지명 확인,서울,활동,'은 2025년 12월 27~28일 서울 공연을 시작으로 대전·고양·부산·광주를 
박서진,spillover,25,부산,부산,불확실,부산,활동,일 서울 공연을 시작으로 대전·고양·부산·광주를 거쳐 2026년 6월 대구 공연까
박서진,spillover,25,대구,대구,지명 확인,대구,활동,·부산·광주를 거쳐 2026년 6월 대구 공연까지 이어진 대규모 단독 투어였다.
박서진,spillover,25,광주,광주,불확실,광주,활동,울 공연을 시작으로 대전·고양·부산·광주를 거쳐 2026년 6월 대구 공연까지 이
박서진,spillover,25,대전,대전,지명 확인,대전,활동, 27~28일 서울 공연을 시작으로 대전·고양·부산·광주를 거쳐 2026년 6월 
박서진,spillover,26,서울,서울,불확실,서울,활동, 7월 4~5일로 예정됐던 박서진의 서울 앙코르 콘서트는 6·3 지방선거 개표 부
박서진,spillover,27,인천,인천,불확실,인천,활동,박서진은 2025년 11월 14일 인천 인스타피어아레나에서 열린 '2025 KG
박서진,spillover,30,서울,서울,불확실,서울,활동, 삼천포종합사회복지관·삼천포초등학교·서울 중증장애인시설·부산 동래구/사상구/진구청
박서진,spillover,30,부산,부산,지명 확인,부산,활동,"·삼천포초등학교·서울 중증장애인시설·부산 동래구/사상구/진구청 등에 2780만원,"
박서진,spillover,35,충남,충남,지명 확인,충남,활동,충남 공주시가 '장구의 신' 가수 박서진을 2
박서진,spillover,43,인천,인천,지명 확인,인천,활동,박서진은 인천시지체장애인협회 홍보대사로 활동 중이다.
박서진,spillover,54,대구,대구,지명 확인,대구,활동,박서진은 2026년 9월 3일 대구 달서구 코오롱야외음악당에서 열린 전석 무
박서진,spillover,57,서울,서울,불확실,서울,활동,"yle은 박서진이 2026년 S/S 서울패션위크 행사에 참석했다고 보도해, 트로트"
빈지노,loyalty,4,서울,서울,불확실,서울,활동,빈지노는 서울 워커힐 호텔 지하 1층 '빛의 시어터'에
빈지노,loyalty,13,강원,강원,지명 확인,강원,기타,빈지노는 2017년 5월 29일 강원도 철원 6사단 신병교육대에 입대하는 당일
빈지노,spillover,14,서울,서울,지명 확인,서울,기타,B STUDIO)는 2025년 9월 서울 도산공원 인근에 '내비: 어 스토리지 룸
빈지노,spillover,15,서울,서울,불확실,서울,활동,"TBC 예능 '비정상회담'에 출연해 서울대 조소과 진학 배경을 공개했고, 이 발언"
빈지노,spillover,26,서울,서울,불확실,서울,활동,빈지노는 서울대학교 조소과에 입학했으나 '학교에 마음이
빈지노,spillover,43,서울,서울,불확실,서울,연고,"목의 기사에서 빈지노의 음악 경력, 서울대 조소과 출신 이력, 다수 피처링 활동을"
몬스타엑스,loyalty,5,대구,대구,지명 확인,대구,활동,"계층 지원을 위해 굿네이버스를 통해 대구·경북 지역에 1억 원을 기부하자, 이 소"
몬스타엑스,loyalty,5,경북,경북,지명 확인,경북,활동,"지원을 위해 굿네이버스를 통해 대구·경북 지역에 1억 원을 기부하자, 이 소식을 "
몬스타엑스,loyalty,6,서울,서울,불확실,서울,활동,2025년 3월 8일 서울 영등포 명화라이브홀에서 열린 기현의 전역
몬스타엑스,loyalty,15,서울,서울,불확실,서울,활동,2025년 7월 18~20일 서울올림픽공원 KSPO돔에서 열린 완전체 팬콘
몬스타엑스,loyalty,17,서울,서울,지명 확인,서울,활동,THE X: NEXUS' 월드투어는 서울·방콕·홍콩·쿠알라룸푸르·타이베이·자카르타
몬스타엑스,loyalty,17,인천,인천,불확실,인천,활동,어로 2026년 11월 21~22일 인천 인스파이어 아레나에서 피날레를 갖는다.
몬스타엑스,loyalty,18,서울,서울,불확실,서울,활동,2026년 1월 30~31일 서울 KSPO돔에서 열린 'THE X: NEX
몬스타엑스,spillover,36,서울,서울,불확실,서울,활동,2026년 1월 서울 KSPO돔 공연을 시작으로 한 4번째 월
