index,fandom,bullet_type,idx,text,hint_terms_found,"검수(Y=해당 지표에 잡혔어야 함, N=아님)",사유·놓친 표현
region,aespa,loyalty,7,"데뷔 EP 'Savage'(2021)가 누적 78만 8,959장 팔리며 2023년 5월까지 SM 소속 그룹 데뷔 음반 최고 판매 기록을 유지했다",,,
region,조용필,spillover,6,갤럽코리아 선정 2013년 '올해의 가수'로 뽑혔고 은관문화훈장을 받았다,,,
region,RIIZE,spillover,20,RIIZE became the new brand ambassador for Crocs Japan,,,
region,박서진,loyalty,29,"박서진은 2025년 하반기 '뉴트렌드 대상' 예선에서 음악 부문 35.15%, 멀티테이너 부문 62.88% 득표율로 각각 1위에 올랐으며, 멀티테이너 부문에서는 블랙핑크 지수(11.73%)를 앞섰다.",,,
region,LE SSERAFIM,loyalty,4,'Easy'로 그룹 최초 빌보드 핫100에 진입했다.,,,
region,레드벨벳,loyalty,25,"'SMTOWN LIVE 2025 in MEXICO CITY'(2025년 5월 9일, Estadio GNP Seguros) 최종 라인업에 레드벨벳(웬디·예리 제외)이 포함되었다고 확정 보도.",,,
region,IVE,spillover,50,아이브 리즈가 JTBC 주말드라마 '천국보다 아름다운'(김혜자·손석구 주연)의 다섯 번째 OST 트랙 'Heavy Love'를 2026년 5월 18일 발매했다. 웅장한 현악 사운드와 리즈 특유의 맑고 강한 보컬톤으로 사랑의 본질을 표현했다는 평을 받았다.,,,
region,sg워너비,spillover,23,SG워너비 멤버 채동하는 2007년 KBS 드라마 '인순이는 예쁘다' OST에 솔로곡 '언제까지나'로 참여했다.,,,
region,박재범,loyalty,33,박재범(Jay Park)의 모스크바 콘서트 홍보 페이지가 러시아 콘서트 기획사 Bright Side Concerts에 개설됨,,,
region,이영지,loyalty,4,"2026년 2월 모바일 게임 '경찰과 도둑'을 통해 팬들과 함께 아동병원에 3억 원을 기부하는 캠페인을 진행, 팬덤과의 협업형 선행이 이루어졌다",,,
region,케이윌,spillover,0,"""러브 119"", ""이러지마 제발"" 등 다수의 음원 1위 곡을 보유해 '음원 킹'으로 불리며 장기간 스트리밍 시장에서 영향력을 발휘해왔다.",,,
region,동방신기,loyalty,6,'Time' 투어(2013)가 85만 관객을 동원하며 9000만달러의 매출을 올렸다.,,,
region,Hearts2Hearts,spillover,8,2025년 각종 시상식에서 신인상을 7회 수상했다.,,,
region,CNBLUE,spillover,48,"홍콩 매체 HK01이 CNBLUE의 월드투어 '3LOGY' 홍콩 공연(2026년 5월 16일, 아시아월드엑스포)에 대한 티켓 구매 가이드 기사를 게재했다. 기사는 HKD 880~1,680의 좌석 등급별 가격과 공연장 교통편을 상세히 안내했다.",,,
region,ATEEZ,spillover,27,"러시아어 K팝 전문매체 YesAsia.ru: 예능 프로그램 ""The Listen"" 시즌6 새 출연진 소식에서 ATEEZ 멤버 종호를 언급: ""«The Listen» возвращается с 6 сезоном: Сухо из EXO, Чонхо из ATEEZ, Чу и другие станут новыми участниками""(예능 '더 리슨' 시즌6, EXO 수호·ATEEZ 종호 등이 새 출연진으로 합류) — 2026.09.02 게재, 대중 예능 프로그램 캐스팅을 통한 인지도 확장 근거",,,
region,장윤정,loyalty,17,장윤정의 공식 팬클럽명은 '레모네이드'이며 공식 응원색은 노란색이다.,,,
region,엔믹스,spillover,54,엔믹스가 2023년 네이버의 웹브라우저 '네이버 웨일' 배경화면 콜라보레이션에 참여했다.,,,
region,BTS,spillover,53,"BTS는 ""Dynamite""(2020), ""Savage Love"" 리믹스(2020), ""Life Goes On""(2020), ""Butter""(2021), ""Permission to Dance""(2021), ""My Universe""(콜드플레이와 협업, 2021)로 빌보드 핫100 1위를 총 6차례 차지했다.",,,
region,동방신기,loyalty,12,"TVXQ held ""2023 TVXQ CONCERT '20&2'"" (Dec. 30-31, 2023) marking 20 years since debut and their first concert in ~4 years 9 months; fandom Cassiopeia described as ""800,000-strong"".",,,
region,TWICE,spillover,68,일본인 멤버 3명으로 구성된 TWICE의 서브유닛 MISAMO는 2023년 12월 31일 제74회 NHK 홍백가합전에 유닛 단독으로 출연해 'Do Not Touch' 무대를 선보였다.,,,
region,IVE,loyalty,12,"IVE's debut solo tour ""The Prom Queens"" (Feb–July 2023) covered 12 stops across Korea, Japan, Southeast Asia, and Taiwan, drawing 97,000 total attendance.",,,
region,IVE,loyalty,4,"팬클럽명은 DIVE(다이브)이며, 나무위키 아이브 문서에도 공식 팬덤명으로 명시되어 있다.",,,
region,이찬원,spillover,25,"이찬원은 첫 단독 콘서트 ""찬스타임""으로 전국 9개 도시에서 27회 투어 공연을 개최했다",,,
region,엄정화,spillover,42,엄정화는 2003년 한국야구위원회(KBO) 프로야구 홍보대사로 활동했다.,,,
region,최예나,spillover,2,화장품 브랜드 '피노(PINO)'의 국내 론칭과 함께 브랜드 앰버서더로 발탁됐다.,,,
region,브라운아이즈,spillover,50,나얼이 2017년 11월 발표한 신곡 'Emptiness in Memory'가 멜론·지니·엠넷 등 한국 6대 음원사이트 실시간·일간 차트에서 모두 1위를 차지하는 퍼펙트 올킬을 달성했다고 Soompi가 보도했다.,,,
region,RIIZE,loyalty,15,"RIIZE held an Aug 26, 2026 release showcase at Zepp Namba, Osaka for Japanese single ""Sunburst,"" selecting 1,000 attendees by lottery among CD pre-order purchasers, with the show simulcast on YouTube",,,
region,ATEEZ,spillover,49,에이티즈가 8월 8~9일 이틀간 열리는 '2026 SBS Gayo Daejeon Summer' 라인업에 확정됐다고 소속사 공식 플랫폼을 통해 공지됐다.,,,
region,김호중,loyalty,23,"김호중 팬클럽 '아리스'가 100억원 기부를 진행했는데 이 중 75억원은 앨범 구매를 통한 기부 형태였다는 점이 보도돼, 앨범 소비 자체가 팬덤의 기부·결속 행위로 직결됐음을 보여준다",,,
region,악동뮤지션,spillover,22,"2025년 그랜드 민트 페스티벌(GMF) 첫날 메인 무대 헤드라이너로 오른 악동뮤지션은 'DINOSAUR', '오랜 날 오랜 밤' 등으로 60분 넘게 무대를 채워 '가장 주목받은 무대'라는 평가를 받았다.",,,
region,레드벨벳,loyalty,11,"레드벨벳은 'R to V' 월드투어에서 요코하마(일본), 마닐라(필리핀), 방콕(태국), 자카르타(인도네시아) 등 아시아 각지 팬들과 만났다",,,
region,LE SSERAFIM,loyalty,5,"미니 2집 'Fearless'가 예약판매 7일 만에 27만 장, 16일 만에 38만 장을 기록했다",,,
region,10CM,loyalty,8,1집 '1.0'이 2011년 2월 15일 발매 후 1주일 만에 1만 장 이상 판매되며 당시 인디밴드 최고 기록을 세웠다,,,
region,엔믹스,spillover,27,"대학축제 공연 중 반주가 끊기는 음향 사고가 났음에도 멤버들이 춤과 가창을 이어가자 관객들이 뜨거운 박수와 환호성으로 응답, '흔들림 없는 라이브'라는 호평이 이어졌다는 기사.",,,
region,나훈아,spillover,25,"나훈아의 2020년 9월 30일 KBS2 '2020 한가위 대기획 대한민국 어게인 나훈아'는 15년 만의 방송 출연으로, 실시간 시청률 41.44%, 올레TV 점유율 70% 이상을 기록했다.",,,
region,Zion.T,spillover,16,2018년 3월 뉴욕·댈러스·산호세·LA·토론토·밴쿠버 등 미국·캐나다(북미) 6개 도시를 순회하는 단독 투어를 진행함,,,
region,CORTIS,spillover,57,스킨케어 브랜드 토리든이 코르티스를 전속모델로 기획한 상품이 판매 시작 10분 만에 품절됐다고 스타뉴스가 보도했다.,,,
region,TWICE,spillover,119,스페인 음악매체 Rockdelux가 트와이스의 2026년 5월 12일 바르셀로나 팔라우 산트 조르디 공연을 스페인 첫 콘서트로 평론했다고 보도했다.,,,
region,악동뮤지션,spillover,9,2026년 4월 인스티즈 차트에서 Hearts2Hearts와 함께 4월 3주·4주 연속 정상을 차지했다.,,,
region,오마이걸,loyalty,29,오마이걸 공식 팬클럽 미라클은 2017년 4월 데뷔 2주년을 기념해 한국백혈병어린이재단을 통해 소아암 치료 중인 어린이를 지원하는 성금을 기부했다.,,,
region,IVE,spillover,17,"Infobae covered the release of IVE's third EP ""Ive Empathy,"" including lead singles ""Rebel Heart"" and ""Attitude""",,,
region,소녀시대,loyalty,17,"""在少女時代演唱會時也給予了很多帥氣的應援活動"" — 태연 인터뷰 기사에서 SONE(팬덤)이 콘서트에서 보여준 응원 활동을 ""센스있다(SONE非常有Sense)""고 평가",,,
region,송가인,spillover,22,송가인이 경상북도 봉화군 내성천 체육공원에서 열린 제29회 봉화송이축제 폐막식(2025년 10월 19일)에 출연해 가을밤 무대를 장식했다.,,,
region,싸이,loyalty,17,태국 mgronline.com은 싸이가 말춤을 선보이며 태국 팬들의 지지에 감사를 표하고 재방문 의사를 밝힌 현장을 보도했다,,,
region,여자친구,loyalty,13,"Natalie (natalie.mu), Japan's major music/culture news site, covered the release of GFriend's second Japanese photobook ""CHOICE,"" a fan-merchandise item aimed at the group's dedicated Japanese fanbase.",,,
region,박재범,loyalty,29,Jay Park 팬미트 파티 티켓 9월7일 판매 개시,,,
region,에픽하이,spillover,22,리더 타블로가 CNN 브라질과 인터뷰하며 케이팝 아이돌들의 참고 대상이 되는 소감을 밝힘,,,
region,권은비,spillover,17,"Sang her first drama OST, a remake of Lee Seung-hwan's ""세상에 뿌려진 사랑만큼,"" marking a ""OST 퀸"" crossover moment beyond music/festival work",,,
region,슈퍼주니어,spillover,48,"슈퍼주니어 최시원은 2024년 드라마 'DNA러버'에서 심연우 역 주연을 맡았고 영화 '동화지만 청불입니다'(정석 역), '로비'(마태수 역)에도 출연했으며, 현재 유니세프 한국위원회 특별대표와 마약퇴치운동본부 고문으로 활동 중이다.",,,
region,싸이,spillover,67,"하이트진로가 2012년 11월 싸이를 소주 '참이슬'과 맥주 '드라이피니시d' 광고 모델로 동시에 발탁해, 한 모델이 소주와 맥주 광고를 함께 맡는 업계의 이례적인 계약을 성사시켰다.",,,
region,투어스(TWS),loyalty,7,"TWS held their first official fan meeting, '42:Club' in Seoul, February 14–16, 2025 at Seoul Olympic Park's Handball Gymnasium; advance reservations for all three sessions sold out at high speed.",,,
region,CORTIS,loyalty,2,"2번째 EP 'GreenGreen'은 초동 판매량 약 231만 장을 기록해 데뷔작 대비 약 5배 성장했으며, 빌보드 200 3위에 진입했다.",,,
region,린,spillover,30,린은 2024년 11월부터 2025년 2월까지 방영된 '현역가왕2'에서 심사위원으로 활동했다.,,,
region,BLACKPINK,spillover,133,페루 매체 La República가 블랙핑크가 2023년 4월 26~27일 멕시코시티 포로 솔에서 공연하며 한국 걸그룹 최고 흥행 투어 기록을 세웠다고 보도했다.,,,
region,엔믹스,spillover,2,2025년 패션 브랜드 게스(GUESS)의 아시아 앰버서더로 멤버 전원이 계약을 맺었다.,,,
region,아이유,spillover,39,"아이유가 2026년 9월 4일 0시 공식 SNS를 통해 새 디지털 싱글의 레트로 콘셉트 티저 영상을 공개했고, 9월 10일 오후 6시 발매 예정이라는 소식이 다수 매체를 통해 보도되었다.",,,
region,이찬원,loyalty,19,"Lee Chan-won personally donated 100 million won to the Love of Sharing Social Welfare Community Chest on Nov 29, 2024, becoming an Honor Society member (100M+ won donor club), explicitly citing his fan club's charitable activity as his motivation (""to add warmth to match the club's good deeds"")",,,
region,오마이걸,spillover,10,"Japan debut album sold 9,383 physical copies on Oricon Daily, 15,910 units on the Oricon Weekly Chart, and 20,041 units on Billboard Japan Top Albums Sales",,,
region,DAY6,loyalty,41,2025년 'Forever Young' 마닐라 콘서트를 마치며 '너희들 정말 대단했다'고 밝힘,,,
region,청하,spillover,39,"청하는 2019년 tvN 드라마 '호텔 델루나' OST Part.6에 수록곡 '그 끝에 그대(At the End)'를 불렀으며, 이 곡은 'Hotel Del Luna OST Part.6' 싱글로 Spotify에 정식 등재되어 있다.",,,
region,NCT,loyalty,63,"중국 포털 360엔터(360娱乐)에 웨이신V(威神V, WayV) 멤버 샤오쥔(肖德俊, Xiaojun)이 한국 SBS M 음악방송 《THE SHOW》의 새 MC로 발탁됐다는 소식이 실렸고, 웨이보 해시태그 ""#肖俊将担任THESHOWMC#""(샤오쥔, THE SHOW MC 맡는다)가 화제가 되어 팬들이 ""祝贺肖俊""(샤오쥔 축하해), ""期待MC肖俊""(MC 샤오쥔 기대돼) 등의 댓글을 남겼다고 전했다.",,,
region,최예나,loyalty,37,인도네시아 K팝 매체 kpopchart.net이 최예나의 4집 미니앨범 'Blooming Wings'(2025.7.29 발매) 컴백과 연계해 도쿄·오사카 콘서트 소식을 전하며 팬들과의 교감을 강화하는 인터랙티브 이벤트를 예고함.,,,
region,IVE,spillover,34,IVE 안유진·장원영이 유닛 '안녕즈'로 2025년 1월 15일 tvN '유 퀴즈 온 더 블럭'에 출연했다.,,,
region,NCT,loyalty,17,"NCT is the best-selling K-pop artist by cumulative album sales in Korea, with over 45 million albums sold across all sub-units as of June 2024",,,
region,청하,loyalty,11,청하는 2020년 2월 10일 자신의 생일을 기념해 저소득층 아동을 위해 마스크 1만 장을 기부했다.,,,
region,아일릿,loyalty,25,"ILLIT, 수호(EXO), 엔하이픈이 자카르타 PIK에서 보여준 최고의 순간들.",,,
region,거미,spillover,1,"2003년 데뷔곡('안다면', '어디에서든' 등으로 추정되는 곡들 포함)이 20년이 지난 지금까지도 노래방 인기차트에 꾸준히 오르는 스테디셀러로 자리잡음",,,
region,임영웅,loyalty,10,팬카페 '영웅시대' 공식 회원수가 21만 명을 달성했다.,,,
region,리센느(RESCENE),spillover,30,"철원 다슬기축제 현장에서 당시는 다소 생소한 그룹이었음에도 관객들이 뜨겁게 호응하며 앙코르 무대까지 이끌어냈고, 현재는 축제에 섭외하기도 힘들 만큼 인기 스타가 됐다는 대비를 전한 기사(네티즌 반응 인용 포함).",,,
region,A-pink,spillover,50,"에이핑크 박초롱은 웹시리즈 '종합광고대행사: 찌찌' 시즌2 '광고의 온도' 편에 찌찌팀을 조율하는 중심인물 '민주' 역으로 합류하며, 2026년 하반기 주요 OTT 플랫폼 공개를 앞두고 있다.",,,
region,NewJeans,spillover,105,"NewJeans는 2023년 1월 NME의 'Big Read' 커버 인터뷰를 장식했으며, 앞서 NME의 '2023년 주목할 신인 아티스트 100' 명단에도 이름을 올렸다.",,,
region,거미,spillover,25,거미는 2015년 JTBC '히든싱어4'에 원조 가수로 출연해 우승을 차지했다.,,,
region,BABYMONSTER,spillover,34,"스포츠경향, 태국 강진 관련 재태 K팝 스타 애도 메시지 기사에서 치키타를 태국 출신 스타로 거론(2025.3.30)",,,
region,BTOB,loyalty,40,아랍어 팬사이트 'BToB Arab Melodies'가 BTOB 관련 57가지 사실을 정리하며 멤버 일훈이 복싱에 능하고 데뷔 전 팀명이 '아리랑'이었으며 현식이 EXO 디오와 친분이 있다는 내용을 아랍어로 다룸(WebFetch로 확인).,,,
region,정동원,spillover,55,allkpop은 정동원이 드라마 '절대 포기하지 마' OST 'Alright' 작사에 참여해 월 약 300만 원의 저작권료를 받고 있다고 전했다.,,,
region,임영웅,spillover,70,임영웅이 건강기능식품 브랜드 뉴트리원의 전속모델로 발탁됐다고 국제뉴스가 보도했다. 2021년 3월 발탁 소식이 공개됐다.,,,
region,임영웅,loyalty,50,임영웅 팬클럽 '영웅시대'는 2025년 8월 앨범 구입비 300만 원을 성금으로 기부했다.,,,
region,레드벨벳,spillover,42,레드벨벳 슬기가 K-POP 아티스트 최초로 이탈리아 럭셔리 브랜드 살바토레 페라가모의 '글로벌 앰버서더'로 발탁돼 슈즈 캡슐 컬렉션 'Let's Dance' 캠페인에 참여했다(2021년).,,,
region,BTS,loyalty,12,정규앨범 'Arirang'이 자체 데뷔 기록을 갈아치우며 초동 판매량 417만장을 기록했다.,,,
region,다이나믹듀오,spillover,9,"최자, '최자로드' 유튜브 채널 독립 운영 관련 밝혀, 맛집 소개 콘텐츠로 지역 상권에 영향력 행사",,,
region,아일릿,spillover,14,"Oricon.co.jp published news coverage of ILLIT releasing solo visuals for ""Almond Chocolate,"" described as their first original song made specifically for the Japanese market.",,,
region,박정현,spillover,22,박정현이 KBS2 '불후의 명곡' 특집(2025.10.11 방송)에 출연해 연인과 이별 후 사진 속 옷들을 버렸던 사연을 공개했다.,,,
region,로이킴,spillover,43,"로이킴이 노숙인 자활을 지원하는 사회적기업 매거진 '빅이슈 코리아'에 2014년 8월(90호), 2018년 12월(192호) 두 차례 재능기부 형태로 참여했다.",,,
region,잭스키스,loyalty,19,"젝스키스 은지원 팬카페가 2017년 6월 8일 한국백혈병어린이재단을 통해 소아암 환아 치료비로 120만원을 기부했으며, 이는 2016년 12월 은지원 컴백 기념 200만원 기부에 이은 두 번째 기부다",,,
region,아이오아이,spillover,7,"""Very Very Very"" was their first #1 hit with 1,319,944 downloads; ""Miss Me?"" EP sold 652,321 copies in Korea",,,
region,GOT7,loyalty,0,2022년 완전체 컴백 미니앨범 'GOT7'은 초동 판매량 37만 1500장을 기록하며 갓세븐 자체 최고 기록을 경신했다.,,,
region,LE SSERAFIM,loyalty,42,나무위키 및 나마네카드 블로그에 따르면 르세라핌이 2026년 9월 11일 자정(한국시간) 두 번째 싱글 앨범 <Made My Night>의 타이틀곡 'YOU JUST MADE MY NIGHT' 뮤직비디오를 공개하고 같은 날 오후 1시 음원을 발매하며 완전체로 컴백했다.,,,
region,Hearts2Hearts,spillover,12,Swept 7 separate Rookie of the Year awards in 2025,,,
region,동방신기,spillover,24,東方神起が3度目の日産スタジアム公演を開催、海外アーティスト史上最多,,,
region,비비,loyalty,18,BIBI '1st World Tour EVE in Bangkok' 개최 소식,,,
region,카더가든,loyalty,11,"His personal YouTube channel ""카더정원"" (@carthejungwon) has 1.3 million subscribers (Aug 2026) and posts on a fixed schedule (10th/20th/30th of each month, 7PM); its board-game series regularly exceeds 1 million views per video, reflecting strong repeat-viewership loyalty",,,
region,aespa,loyalty,1,3집 'My World'(2023)는 200만 장 이상 판매됐다.,,,
region,LE SSERAFIM,spillover,29,"Infobae Mexico reported rumors of a potential collaboration between Mexican artist Peso Pluma and LE SSERAFIM, mainstream cross-genre music-press coverage",,,
region,god,loyalty,38,"2023년 8월 god 콘서트 'ㅇㅁㄷ 지오디' 티켓이 오후 2시 예매 시작 후 단 3분 만에 전석 매진됐으며, 예매 시스템에는 최대 5만 1900명의 대기 인원이 몰렸다.",,,
region,싸이,spillover,56,"동화약품이 가수 싸이를 종합감기약 '판콜' 신규 TV광고 모델로 발탁해 '감기없는 코리아, 판 콜이야' 캠페인을 공개했다(2023년 9월).",,,
region,ITZY,spillover,34,ITZY 유나가 2026년 tvN 드라마 '최애의 사원'에 캐스팅되어 톱배우 윤초이 역을 맡았다.,,,
region,이찬원,spillover,36,이찬원 유튜브 채널이 누적 조회수 6억 뷰를 돌파했다는 소식이 보도됐다(2026년 6월 30일 기준).,,,
region,보아,spillover,21,가수 보아가 스튜디오 근황을 공개하며 토크 방송 촬영 후 유쾌한 포즈를 취한 모습이 보도됨.,,,
region,ITZY,spillover,26,"멕시코 언론 Infobae가 ITZY의 멕시코 공연이 현지 팬덤(MIDZY)과의 유대와 중남미 시장에서의 K-pop 성장세를 보여준다고 보도: ""Este concierto en Ciudad de México también servirá como plataforma para que ITZY pueda conectar de manera más cercana con sus fans mexicanos, conocidos como MIDZY, y fortalecer la relación con la base de seguidores en América Latina."" / ""La presencia de ITZY en México se suma a la lista de artistas internacionales que han elegido el país para actuar, lo que refleja la posición de México como un mercado importante y en crecimiento para la industria musical del K-pop.""",,,
region,이효리,spillover,24,이효리·이상순 부부는 2025년 5월 16일 유기견·유기묘 수백 마리를 보호 중인 사단법인 평강공주에 사료 2톤을 기부했다,,,
region,에픽하이,loyalty,38,twig24는 2026년 8월 30일 타블로가 8월 29일 인스타그램에 공개한 에픽하이 공식 유튜브 채널의 '에픽카세 가요제' 콘텐츠에서 멤버 투컷이 K팝 업계 인맥을 총동원한 대대적인 SNS 홍보 캠페인을 벌이고 있다고 언급하며 팬들에게 우승 자신이 없다고 말했다고 보도했다.,,,
region,QWER,loyalty,36,"신랑(sina.cn)에는 QWER 신보 발매에 맞춰 팬들이 제작한 ""타가카드(打歌卡)"" 모음 게시물이 뉴스로 전재되어 있다.",,,
region,aespa,spillover,35,2026 코리아퍼스트브랜드대상에서 국내·베트남(3년 연속)·인도네시아 여자 아이돌 부문 3관왕,,,
region,ITZY,spillover,57,"중국 sina.com.cn 산하 cj.sina.com.cn은 ITZY 컴백곡 《Motto》 전체 일정 공개 소식을 ""ITZY強勢回歸！《Motto》完整日程全曝光，概念圖驚艷""라는 제목으로 전했다.",,,
region,에픽하이,loyalty,28,에픽하이가 베트남에 너무 늦게 온 것을 후회한다고 밝히며 팬들과 소통했다.,,,
region,마마무,spillover,11,"Natalie (natalie.mu) reported that MAMAMOO's Wheein ended her exclusive management contract with agency RBW but would continue group activities through 2023, framing this as significant industry/fan news in the Japanese music press.",,,
region,샤이니,loyalty,3,2016년 'Shinee World' 투어에서 9개 도시 20회 공연에 누적 35만 명이 참석했다.,,,
region,CNBLUE,spillover,14,"베트남 매체 kenh14는 CNBLUE 출신 스타(정용화로 추정)가 하노이에서 조깅하다가 아무도 알아보지 못했다는 일화를 2025년 7월 22일 보도, 베트남 대중 사이에서의 인지도 변화를 다뤘다",,,
region,김연자,spillover,43,"김연자가 2022년 11월 헬스케어 가전 브랜드 '자이글ON'(산소음이온발생기 '숲속', 온열마사지기 '오로라' 등)의 전속모델로 발탁됐다.",,,
region,CORTIS,spillover,52,"CORTIS 다큐멘터리 'What We Want'는 2023년 4월부터 2024년 5월까지 약 14개월간 촬영되었으며, 해외 프로듀서들이 이들의 협업 방식을 '완전히 다른 K팝(a completely different kind of K-pop)'이라 평가한 내용이 담겼다고 영어권 매체 스타뉴스코리아가 보도했다.",,,
region,정동원,loyalty,10,미스터트롯 톱6 동료들이 정동원의 공연에 지원사격을 보내는 등 팬덤 간 연대가 형성됐다.,,,
region,청하,loyalty,8,"Her official fandom, originally named HAART (nicknamed ""별하랑""), operated from June 7, 2018 to January 8, 2024",,,
region,FTISLAND,loyalty,5,"2026년 1월 29일 데뷔 19년 만에 FNC엔터테인먼트와 재계약을 체결, 장기 활동 팬덤 관계를 이어가고 있다.",,,
region,에픽하이,loyalty,16,"2년여 만의 북미(미국·캐나다) 투어 발표(2026.10) — LA·뉴욕·오클랜드·밴쿠버·토론토, 'Epik High HQ' 멤버십 프리세일(6.10)",,,
region,IKON,spillover,24,iKON이 서바이벌 예능 '킹덤: 레전더리 워'에 출연했다.,,,
region,CORTIS,loyalty,23,코르티스의 데뷔 후 첫 대학축제(고려대 등) 현장에서 떼창과 호응이 뜨거웠고 멤버들의 텐션도 좋아 직캠만 봐도 현장감이 느껴진다는 반응이 SNS에 공유됐다.,,,
region,성시경,spillover,8,성시경이 동국제약 인사돌플러스의 새 모델로 발탁돼 이보영과 함께 신규 TV-CF를 촬영했다고 팜뉴스가 보도했다.,,,
region,지드래곤 (G-Dragon),spillover,33,인포바에가 지드래곤이 11년 만에 첫 솔로 정규앨범을 발매했다는 소식을 보도했다,,,
region,로이킴,spillover,57,일본 최대 음악 차트·뉴스 매체 오리콘(ORICON NEWS)에 로이킴(ロイ・キム)의 정식 아티스트 프로필 페이지가 개설되어 있다.,,,
region,NewJeans,spillover,3,포브스코리아 보도에 따르면 뉴진스는 한 해 동안 약 300억 원의 광고 수익을 올렸다(2024년 4월).,,,
region,정동원,loyalty,13,"Fan club ""우주총동원"" donated ₩13.27 million timed to coincide with his military enlistment cohort date.",,,
region,10CM,spillover,17,"10CM의 ""봄이 좋냐""는 2016년 4월 1일 발매 당일 멜론 차트 1위에 올랐다",,,
region,조용필,spillover,40,"조용필은 일화의 음료 '맥콜' 광고 모델로 출연한 이력이 있다 (나무위키 '출연 광고' 항목 기재, 정확한 연도 미상).",,,
region,이영지,spillover,21,'나가지마' 폰케이스 콜라보 수익금 1억4000만원 전액 기부,,,
region,조용필,loyalty,2,일본에서도 앨범 누적 판매량이 600만 장을 넘어서며 해외에서도 견고한 팬덤을 확보함.,,,
region,청하,spillover,18,"""Gotta Go""(2019)는 빌보드 선정 '2019년 최고의 K팝 노래 25' 중 3위, '2010년대 최고의 K팝 노래 100' 중 100위에 올랐다. ""Stay Tonight""(2020)은 가온 디지털차트 9위, 빌보드 월드 디지털 송즈 차트 4위를 기록했다.",,,
region,지드래곤 (G-Dragon),loyalty,26,"후쿠오카 야후옥돔 공연에서 5만 명의 관객이 BIGBANG 컬러 응원봉(노란색·빨간색)으로 도쿄돔 전체를 가득 메웠고, 깜짝 생일 케이크 이벤트에도 5만 관객이 함께 축하했다: ""5万人が掲げる黄色と赤のBIGBANGペンライトに埋め尽くされたドーム会場を揺らし続けた。"" / ""特製のバースデーケーキがステージに登場し5万人の観客がお祝いするというサプライズ演出も。""",,,
region,NCT,loyalty,8,2024년 6월 기준 전체 유닛 음반의 누적 판매량이 4500만장을 넘어서며 K팝 역대 최다 음반 판매 아티스트로 집계됐다.,,,
region,NewJeans,spillover,61,"이날 방송의 시청률은 6.1%(닐슨코리아 집계, 이하 전국 가구 기준)를 기록했다. 특히 멤버들이 뉴진스와 퇴근을 건 게임 배틀에서 최종 승리하며 세리머니로 'Hype Boy(하입 보이)'를 선보이고, 한껏 신난 유선호가 뉴진스와 완벽 호흡을 자랑하는 춤 실력으로 모두를 깜짝 놀라게 하는 장면에서는 최고 시청률이 9.2%까지 올랐다.",,,
region,박재범,spillover,57,박재범이 데이영(Dayoung)과 협업한 신곡 'Flirty'를 Rolling Stone India가 소개했다.,,,
region,sg워너비,spillover,12,"SG워너비의 ""내 사람 : Partner For Life""는 2006년 벅스뮤직 차트에서 9주간 1위(04/07~06/08)를 차지했으며, 같은 해 멜론 연간 차트에서도 1위를 기록했다",,,
region,10CM,loyalty,29,필리핀 마닐라에서 'Closer To You' 단독 콘서트를 개최했다고 필리핀 매체가 보도,,,
region,이승철,spillover,40,"이승철은 2025년 11월 방송된 KBS2 '옥탑방의 문제아들'에서 자신의 곡들로만 채운 SF 판타지 뮤지컬을 2027년 개막 목표로 기획 중이며 시나리오도 완성됐다고 밝혔고, 배우 박보검을 주연으로 고려했으나 성사되지 않았다고 전했다.",,,
region,BABYMONSTER,spillover,11,"베이비몬스터 데뷔곡 'Batter Up' 뮤직비디오, 공개 24시간만에 2259만뷰를 기록해 K팝 역대 데뷔곡 최다 24시간 조회수 경신",,,
region,아이유,spillover,65,"프랑스 로피시엘이 아이유와의 인터뷰에서 뉴발란스와의 오랜 파트너십, 신보와 투어 계획에 대한 이야기를 전했다.",,,
region,STAYC,loyalty,22,STAYC가 11월에 일본 데뷔하며 첫 쇼케이스도 개최한다는 음악나탈리 보도,,,
region,IKON,spillover,5,"데뷔앨범 'Welcome Back' 아시아 누적 26만 장 이상 판매, 수록곡 합산 480만 장 이상 판매; 2016-2018년 일본 아레나·돔 투어 누적 약 59만 명 동원",,,
region,BTS,loyalty,64,BTS 슈가가 세브란스병원에 50억원을 기부한 뒤를 이어 팬덤 아미 명의의 기부 행렬도 이어져 2억원을 넘어섰다.,,,
region,최예나,spillover,51,스킨케어 브랜드 이옴(뉴셀렉트)이 최예나와 함께 트러블 패치 마스크 캠페인 '패치 미'를 전개했다(2026년 6월).,,,
region,다이나믹듀오,spillover,34,"다이나믹듀오 소속사 아메바컬쳐는 2025년 5월 '쇼미더머니10' 준우승자 신스를 영입했으며, 개코와 같은 팀이었던 인연의 신스는 2025년 11월 다이나믹듀오가 피처링한 데뷔 싱글을 발표했다.",,,
region,조용필,spillover,42,"조용필이 LG전자의 '하이테크 스테레오', '하이파이VTR', '금성미라클TV' 등 가전제품 광고에 출연했다.",,,
region,FTISLAND,spillover,29,"FT아일랜드는 2011년 10월 29일 방영된 Mnet '주간아이돌' 15회, 2012년 3월 14일 34회에 출연하며 초기부터 예능 프로그램에 참여했다.",,,
region,ATEEZ,spillover,65,"'IN YOUR FANTASY' 월드투어의 호주 공연이 2026년 3월 3일 멜버른 로드레이버 아레나, 6일 시드니 쿠도스뱅크 아레나에서 열린다고 Rolling Stone Australia가 보도했다.",,,
region,여자친구,spillover,14,"여자친구는 2018년 '밤'으로 음악방송 10관왕, 2019년 '해야'·'열대야'로 각 6관왕을 달성했으며, '밤'의 뮤직비디오는 공개 1주일 만에 1,300만회 조회수를 기록하고 해당 곡은 빌보드 앨범차트 6위에 올랐다",,,
region,RIIZE,spillover,74,멕시코 일간지 엘에랄도데멕시코(El Heraldo de México)가 라이즈(RIIZE)가 아르헨티나·칠레·브라질 롤라팔루자에 모두 출연한 최초의 남성 케이팝 그룹이 되었다고 보도했다.,,,
region,투어스(TWS),spillover,41,"TWS's 2025 Japan arena tour '24/7:WITH:US' ran 13 sold-out shows across six cities (Hiroshima, Aichi, Fukuoka, Miyagi, Osaka, Kanagawa) drawing about 50,000 fans, closing at K-Arena Yokohama on August 9-10, 2025.",,,
region,샤이니,spillover,8,"SHINee performed at Tokyo Dome, Japan on their ""SHINee World The Best 2018"" tour, their first tour following Jonghyun's death",,,
region,케이윌,spillover,34,스페인 K팝 매체 BA NA NA가 케이윌이 정규 4집 '想像; Mood Indigo' 후속으로 타이틀곡 '그땐 그댄'을 발표하며 컴백했고 국내 투어를 예고했다고 보도했다.,,,
region,나훈아,spillover,11,"His national retirement tour ran across Incheon (Apr 2024), Daegu (Dec 7-8), Busan (Dec 14-15), concluding in Seoul (Jan 10-12, 2025) as a marquee media event marking the end of a 59-year career.",,,
region,싸이,spillover,10,"The 2025 ""Psy Summer Swag"" stop in Uijeongbu (July 5, 2025, ~30,000 attendees) generated an estimated ₩12.9 billion in local economic impact: ₩3.1 billion in direct visitor/staff spending plus ₩9.41 billion in indirect promotional/commercial effects for surrounding businesses",,,
region,김재중,spillover,23,"김재중은 2026년 한 인터뷰에서 옛 소속 그룹과의 '완전체' 재결합 가능성에 대해 ""재결합이나 이런 건 민감하다"", ""하고 싶다고 해서 할 수 있는 게 아니다""라며 멤버 각자의 상황을 고려해야 하는 신중한 사안이라는 입장을 밝혔다.",,,
region,빅뱅,loyalty,15,베트남 매체 뚜오이째(Tuổi Trẻ)도 같은 하노이 콘서트 소식을 독자적으로 보도해 베트남 내 빅뱅 재결합·컴백에 대한 관심을 확인했다.,,,
region,이효리,spillover,31,국민대학교 학위수여식 축하공연이 '국민대 발칵 뒤집어 놓은 축하공연'이라는 반응을 얻었다.,,,
region,BLACKPINK,spillover,21,"BLACKPINK's ""GO"" single and ""DEADLINE"" album (Feb 27, 2026) marked their 11th Billboard Hot 100 entry (surpassing all K-pop girl groups), 5th Billboard 200 entry, and 12th entry on the UK Official Singles Chart (No. 44)",,,
region,카더가든,spillover,7,2019년 5월 12일·19일 '복면가왕' 102대 가왕전에서 56~72표를 얻어 우승했다,,,
region,청하,spillover,54,청하가 2019년 LG유플러스의 증강현실 서비스 'U+AR' 광고에 출연했다.,,,
region,다비치,loyalty,21,콘서트 'TIME CAPSULE : 시간을 잇다' 티켓 오픈 후 이틀 만에 전석 매진(2026),,,
region,EXO,spillover,10,"EXO's ""EXO Planet 6 – EXhOrizon"" tour includes stops in Ho Chi Minh City (Vietnam), Bangkok (Thailand), Jakarta (Indonesia), Macau (China), and Nagoya/Osaka (Japan)",,,
region,Hearts2Hearts,spillover,35,JTBC '아는 형님'(2026.3.14)에 전원 출연,,,
region,윤도현,loyalty,0,2002 한일 월드컵 당시 '오 필승 코리아'가 폭발적 인기를 얻으며 YB는 단숨에 '국민 밴드'로 급부상해 대중적 지지 기반을 넓혔다.,,,
region,브라운아이즈,spillover,10,"3집 'Two Things Needed for the Same Purpose and 5 Objets'(2008.6.19 발매)는 발매 2일 만에 5만장(2년만의 신기록), 발매 2주 후인 7월8일 한터차트 기준 8만장을 돌파했다",,,
region,케이윌,spillover,32,일본 티켓 정보 사이트에 따르면 케이윌은 2026년 11월 10일 일본에서 'K-Drama OST Tribute Concert 2026'을 개최할 예정이다.,,,
region,RIIZE,spillover,44,"라이즈, 첫 리얼리티 예능 'BOSS RIIZE' 출연…불꽃 승부욕 발동",,,
region,BLACKPINK,loyalty,11,"The Born Pink World Tour (2022–23) drew 1.8 million total attendees across its run, reflecting sustained ticket demand across markets.",,,
region,LE SSERAFIM,loyalty,36,르세라핌은 2026년 5월 데뷔 4주년을 맞아 전 세계 피어나와 함께하는 기념 프로젝트 'CELEBRATION'을 진행했다.,,,
region,송가인,spillover,4,"2026년 9월 명량대첩축제의 '명량 트롯나이트' 무대에 출연 예정이며, 군은 그의 인지도를 활용해 대파·구기자·김·전복·홍주 등 지역 특산물 홍보도 함께 추진할 계획이다",,,
region,권은비,spillover,8,SBS 파워FM '영스트리트' 라디오 DJ로 2023년 7월부터 2024년 8월까지 활동했다,,,
region,박재범,loyalty,34,박재범이 PSY와 함께 하노이 K-PULSE 2026 음악 축제에 참여한다.,,,
region,(여자)아이들,loyalty,13,"Weibo (CUBE_G-I-DLE official account, Taiwan regional subdomain) posted content around the ""말리지 마"" (Don't Get Me Wrong) music video release, part of ongoing fan-facing activity on the group's official Weibo channel",,,
region,김연자,spillover,32,"김연자는 일본에서 1999년 제32회 일본작사대상 우수상, 2000년 제21회 마츠오 예술상, 2001년 일본 레코드대상 기획상, 2003년 제36회 일본유선대상 최다 리퀘스트 가수상(TBS-TV 생중계) 등을 수상했다.",,,
region,정동원,spillover,16,Performed a duet with veteran singer Nam Jin at the 2020 Trot Awards.,,,
region,권은비,spillover,4,코디한 의상이 공연 못지않게 화제가 되어 패션 매체에서 가성비 코디로 별도 소개됨,,,
region,LE SSERAFIM,spillover,0,"루이비통 하우스 앰버서더, 소니(Sony) 글로벌 앰버서더로 활동하고 있다.",,,
region,NCT,spillover,51,나무위키 '도영' 문서의 수상 경력에 따르면 도영이 부른 드라마 OST 곡 'Like a Star'는 2022년 태국 TOP TEN AWARDS에서 'Best Artists of K-Drama OST in Thailand' 부문을 수상하며 해외에서 K-드라마 OST 가수로서 인정받았다.,,,
region,투어스(TWS),spillover,1,"TWS serves as brand ambassadors/models for a wide range of commercial categories simultaneously, including Roobliss (hair brand, first official ambassador), BeginS by JUNGSAEMMOOL (skincare), Jim Beam bourbon whiskey (members Shin-yu and Do-hoon), MLB casual apparel, and CELINE luxury fashion.",,,
region,ITZY,spillover,53,ITZY는 2026년 호주·뉴질랜드 아레나 투어를 확정하며 해외 진출을 이어갔다.,,,
region,10CM,spillover,1,한국저작권보호원의 2025년 저작권 보호 캠페인송 '바로지금송'에 보컬로 참여해 공공기관과의 홍보 협업 사례를 남겼다.,,,
region,LE SSERAFIM,spillover,32,인도네시아 detik.com(wolipop)은 LE SSERAFIM 5인 전원이 2023년 10월 BTS에 이어 루이비통의 하우스 앰버서더로 발탁되었다고 보도했다,,,
region,NCT,spillover,25,"NCT Yuta의 데뷔 미니앨범 'Depth'가 일본에서 41,214장 판매되어 빌보드 재팬 앨범 차트 3위를 기록",,,
region,BTOB,loyalty,4,2015년 12월 두 번째 단독 콘서트 티켓이 오픈 5분 만에 매진되었다.,,,
region,god,loyalty,50,g.o.d 대니 안이 2026년 1월 24일 연세대 대강당에서 개인 팬미팅 '2025 Danny's Day [Dan STUDIO]'를 개최한다고 allkpop이 보도했다.,,,
region,잔나비,spillover,12,2022년 히든싱어 방영 이후 같은 곡이 역주행해 9월 25일 멜론 일간순위 74위까지 재상승했다,,,
region,A-pink,spillover,55,"홍콩01은 Apink 홍콩 공연에서 은지가 그룹을 홍콩에 데려오겠다는 과거 약속을 지켰다고 ""恩地實現承諾帶組合來港"" 제하로 보도했다.",,,
region,NewJeans,spillover,65,"뉴진스가 2024년 5월 데뷔 후 최다인 7개 대학 축제 무대에 올라 '뜨거운 호응'을 얻었으며, 신곡 발매 시점에 맞춘 출연으로 대중적 친근감을 높였다는 평가를 받았다. 뉴진스는 해당 출연료 전액을 기부해 화제를 더했다.",,,
region,GOT7,spillover,54,마크(GOT7)는 2020년 중국 시장에서 멘소래담 아크네스(스킨케어)와 함께 중국 최대 통신사 차이나유니콤(China Unicom)의 광고 모델로 활동했다.,,,
region,김호중,spillover,27,2025.8 국내 유일 민영교도소 '소망교도소'로 이감,,,
region,BLACKPINK,spillover,18,"The ""Born Pink"" world tour overall grossed approximately $260.6 million with 1.5 million tickets sold, making it the highest-grossing girl-group tour of all time",,,
region,TWICE,spillover,77,2024년 11월 21일 TWICE는 미국 NFL 목요일 경기 생중계 직후 송출되는 온라인 스트리밍 콘서트 시리즈 '아마존 뮤직 라이브'에 K-Pop 아티스트 최초로 출연했다.,,,
region,지드래곤 (G-Dragon),spillover,2,2025년 국내 연예인 추정 연봉 순위에서 지드래곤이 솔로 활동·패션 브랜드·광고 모델 수익으로 약 100억 원 이상을 기록하며 1위로 추정됐다.,,,
region,ITZY,spillover,60,ITZY는 2024년 'Born to Be' 월드투어의 일환으로 4월 24일 런던 OVO 아레나 웸블리 공연을 열었다고 NME가 보도했다.,,,
region,슈퍼주니어,loyalty,22,'Super Show 5' 마닐라 콘서트로 필리핀 팬들을 열광시켰다고 오래전부터 보도된 바 있음,,,
region,A-pink,loyalty,25,"Apink 정은지, 태국에서 첫 솔로 단독 콘서트 개최, 감미로운 목소리 선사",,,
region,김동률,spillover,34,"박효신, 이승환, 강수지 등 다른 가수의 앨범에 작곡가로 참여했다.",,,
region,NewJeans,spillover,106,"NME는 NewJeans의 EP 'Get Up'을 리뷰하며 ""아무도 이들과 견줄 수 없다(no one can hold a candle to them)""고 호평했다.",,,
region,NCT,loyalty,9,'NCT 2020 Resonance'가 발매 두 달 만에 260만장 이상 팔리며 당시 SM엔터테인먼트 역대 최고 판매 실물 음반이 되었다.,,,
region,HOT,spillover,34,H.O.T.는 데뷔 30주년을 맞아 2026년 1월 이커머스 플랫폼 G마켓 광고에 강타·문희준·장우혁·토니안·이재원 5인 완전체로 출연했다.,,,
region,이승철,spillover,7,이승철은 2014년 중국 베이징에서 첫 단독 콘서트를 성황리에 마쳤다고 국제신문이 보도했다,,,
region,아이유,loyalty,40,"중국 더우반(Douban) 이용자는 ""IU真的好真诚 巡演都会翻唱当地的歌曲""(""IU는 정말 진실되다, 투어 때마다 현지 노래를 커버한다"")라는 제목의 게시글을 올려 IU가 해외 투어 때마다 현지어 노래를 커버하는 성의를 팬 커뮤니티 차원에서 높이 평가했다.",,,
region,Stray Kids,loyalty,8,'Noeasy' 음반이 110만장 넘게 팔리며 JYP엔터테인먼트 최초의 밀리언셀러 음반을 기록한 아티스트가 되었다.,,,
region,아이유,spillover,60,"일본 매체(amp.nspna.com)는 ""IU, 일본에서 신곡 발표…오리콘 차트 9위""(""ＩＵ、日本で新曲発表…オリコンチャート9位"") 제하 기사에서 IU의 일본 신곡이 오리콘 차트 9위에 올랐다고 보도했다.",,,
