팬덤,구분,근거문장수,뉴스매체문장수,뉴스매체비중,고유매체수,매체다양성비율,상위매체1,상위매체2,상위매체3
BTS,K-pop 보이그룹,227,177,0.7797,96,0.5424,starnewskorea.com,v.daum.net,forbes.com
TWICE,K-pop 걸그룹,191,134,0.7016,90,0.6716,infobae.com,allkpop.com,natalie.mu
BLACKPINK,K-pop 걸그룹,195,139,0.7128,83,0.5971,thairath.co.th,infobae.com,finance.sina.com.cn
지드래곤 (G-Dragon),힙합,133,128,0.9624,80,0.625,v.daum.net,newsis.com,sports.khan.co.kr
싸이,솔로,122,97,0.7951,76,0.7835,v.daum.net,cbc.ca,imaeil.com
(여자)아이들,K-pop 걸그룹,118,84,0.7119,75,0.8929,star.ettoday.net,nownews.com,m.joseilbo.com
BABYMONSTER,K-pop 걸그룹,132,93,0.7045,72,0.7742,barks.jp,oricon.co.jp,thairath.co.th
LE SSERAFIM,K-pop 걸그룹,143,108,0.7552,71,0.6574,oricon.co.jp,infobae.com,idntimes.com
aespa,K-pop 걸그룹,158,94,0.5949,69,0.734,infobae.com,marieclairekorea.com,smentertainment.com
NCT,K-pop 보이그룹,164,113,0.689,67,0.5929,sina.cn,v.daum.net,oricon.co.jp
NewJeans,K-pop 걸그룹,154,114,0.7403,67,0.5877,harpersbazaar.co.kr,allkpop.com,news.qq.com
ATEEZ,K-pop 보이그룹,113,89,0.7876,66,0.7416,infobae.com,thairath.co.th,v.daum.net
Stray Kids,K-pop 보이그룹,163,108,0.6626,65,0.6019,infobae.com,oricon.co.jp,yesasia.ru
박재범,힙합,110,96,0.8727,65,0.6771,bizhankook.com,elle.com.sg,jaypark.com
CORTIS,K-pop 보이그룹,135,103,0.763,63,0.6117,starnewskorea.com,dailynews.co.th,wkorea.com
이영지,힙합,107,92,0.8598,62,0.6739,newsis.com,fnnews.com,biz.heraldcorp.com
RIIZE,K-pop 보이그룹,121,83,0.686,61,0.7349,oricon.co.jp,starnewskorea.com,yesasia.ru
몬스타엑스,K-pop 보이그룹,96,91,0.9479,61,0.6703,starnewskorea.com,billboard-japan.com,soompi.com
임영웅,트로트,131,121,0.9237,60,0.4959,starnewskorea.com,hankyung.com,biz.heraldcorp.com
EXO,K-pop 보이그룹,121,88,0.7273,59,0.6705,v.daum.net,segye.com,detik.com
SEVENTEEN,K-pop 보이그룹,157,87,0.5541,56,0.6437,v.daum.net,oricon.co.jp,infobae.com
엔믹스,K-pop 걸그룹,110,80,0.7273,55,0.6875,infobae.com,detik.com,v.daum.net
소녀시대,K-pop 걸그룹,122,66,0.541,54,0.8182,natalie.mu,barks.jp,oricon.co.jp
워너원,K-pop 보이그룹,123,87,0.7073,53,0.6092,v.daum.net,oricon.co.jp,hankookilbo.com
아이유,솔로,110,75,0.6818,52,0.6933,v.daum.net,oricon.co.jp,news.mt.co.kr
아일릿,K-pop 걸그룹,107,81,0.757,52,0.642,v.daum.net,sports.khan.co.kr,oricon.co.jp
이효리,솔로,120,72,0.6,52,0.7222,v.daum.net,sisajournal.com,starnewskorea.com
IVE,K-pop 걸그룹,100,63,0.63,51,0.8095,thairath.co.th,v.daum.net,yesasia.ru
레드벨벳,K-pop 걸그룹,118,79,0.6695,51,0.6456,infobae.com,thairath.co.th,topstarnews.net
에픽하이,힙합,87,69,0.7931,51,0.7391,sports.khan.co.kr,nbcnews.com,hiphopkr.com
ITZY,K-pop 걸그룹,107,68,0.6355,50,0.7353,infobae.com,v.daum.net,kompas.com
지코,힙합,101,74,0.7327,50,0.6757,v.daum.net,sanook.com,news1.kr
DAY6,K-pop 보이그룹 /록,101,71,0.703,48,0.6761,m.heraldmuse.com,sports.khan.co.kr,starnewskorea.com
GOT7,K-pop 보이그룹,107,85,0.7944,48,0.5647,hellokpop.com,allkpop.com,soompi.com
QWER,K-pop 걸그룹,103,64,0.6214,47,0.7344,v.daum.net,sports.khan.co.kr,detik.com
아이오아이,K-pop 걸그룹,95,68,0.7158,47,0.6912,v.daum.net,starnewskorea.com,harpersbazaar.co.kr
정동원,트로트,107,77,0.7196,47,0.6104,v.daum.net,allkpop.com,munhwa.com
A-pink,K-pop 걸그룹,95,57,0.6,46,0.807,v.daum.net,manilaconcertjunkies.com,oricon.co.jp
박서진,트로트,99,93,0.9394,45,0.4839,v.daum.net,sports.khan.co.kr,starnewskorea.com
빈지노,힙합,79,59,0.7468,45,0.7627,newsis.com,hypebeast.kr,rollingstone.co.kr
슈퍼주니어,K-pop 보이그룹,89,58,0.6517,45,0.7759,munhwa.com,v.daum.net,mt.co.kr
오마이걸,K-pop 걸그룹,98,64,0.6531,45,0.7031,v.daum.net,soompi.com,kclf.org
IKON,K-pop 보이그룹,96,70,0.7292,44,0.6286,yg-life.com,v.daum.net,infobae.com
빅뱅,K-pop 보이그룹,97,65,0.6701,44,0.6769,oricon.co.jp,v.daum.net,starnewskorea.com
샤이니,K-pop 보이그룹,77,55,0.7143,44,0.8,detik.com,topstarnews.net,starnewskorea.com
Crush,솔로,99,75,0.7576,43,0.5733,etnews.com,sports.khan.co.kr,sanook.com
여자친구,K-pop 걸그룹,93,56,0.6022,43,0.7679,sanook.com,oricon.co.jp,natalie.mu
Hearts2Hearts,K-pop 걸그룹,102,62,0.6078,42,0.6774,v.daum.net,oricon.co.jp,soompi.com
최예나,솔로,96,70,0.7292,42,0.6,xportsnews.com,starnewskorea.com,mediafine.co.kr
김재중,솔로,77,58,0.7532,41,0.7069,sports.khan.co.kr,enews.imbc.com,v.daum.net
마마무,K-pop 걸그룹,94,55,0.5851,41,0.7455,v.daum.net,mb.com.ph,hot.detik.com
이찬원,트로트,106,82,0.7736,41,0.5,starnewskorea.com,v.daum.net,topstarnews.net
송가인,트로트,92,61,0.663,39,0.6393,sportsseoul.com,pressian.com,starnewskorea.com
Zion.T,솔로,79,47,0.5949,38,0.8085,sports.khan.co.kr,news.sbs.co.kr,kpopn.com
백지영,발라드,72,46,0.6389,38,0.8261,kbizoom.com,tuoitre.vn,starnewskorea.com
영탁,트로트,104,73,0.7019,38,0.5205,sports.khan.co.kr,starnewskorea.com,v.daum.net
프로미스나인,K-pop 걸그룹,89,58,0.6517,38,0.6552,sports.khan.co.kr,v.daum.net,idntimes.com
STAYC,K-pop 걸그룹,92,55,0.5978,37,0.6727,highup-ent.com,sports.khan.co.kr,v.daum.net
박효신,발라드,91,60,0.6593,37,0.6167,allkpop.com,v.daum.net,hankookilbo.com
투어스(TWS),K-pop 보이그룹,90,80,0.8889,37,0.4625,allkpop.com,starnewskorea.com,soompi.com
김호중,트로트,91,70,0.7692,36,0.5143,v.daum.net,hjfocus.com,asiae.co.kr
리센느(RESCENE),K-pop 걸그룹,85,68,0.8,36,0.5294,starnewskorea.com,biz.heraldcorp.com,allkpop.com
보아,솔로,76,50,0.6579,36,0.72,btspurpleyou.com,starnewskorea.com,tenasia.co.kr
비비,솔로,74,46,0.6216,36,0.7826,v.daum.net,idntimes.com,wikitree.co.kr
청하,솔로,79,40,0.5063,36,0.9,tenasia.co.kr,starnewskorea.com,soompi.com
10CM,솔로,85,44,0.5176,35,0.7955,v.daum.net,tickets.interpark.com,idntimes.com
BTOB,K-pop 보이그룹,82,50,0.6098,35,0.7,starnewskorea.com,detik.com,hk01.com
성시경,발라드,80,65,0.8125,35,0.5385,v.daum.net,topstarnews.net,allkpop.com
악동뮤지션,혼성,74,50,0.6757,35,0.7,allkpop.com,lawissue.co.kr,v.daum.net
CNBLUE,K-pop 보이그룹 /록,84,55,0.6548,34,0.6182,natalie.mu,barks.jp,koreaherald.com
god,원로그룹,99,72,0.7273,34,0.4722,v.daum.net,starnewskorea.com,fnnews.com
권은비,솔로,90,61,0.6778,34,0.5574,oricon.co.jp,v.daum.net,sports.khan.co.kr
동방신기,K-pop 보이그룹,82,55,0.6707,33,0.6,oricon.co.jp,starnewskorea.com,topstarnews.net
HOT,원로그룹,97,55,0.567,32,0.5818,v.daum.net,newsis.com,biz.heraldcorp.com
거미,발라드,87,57,0.6552,32,0.5614,kmib.co.kr,v.daum.net,wandonews.com
다이나믹듀오,힙합,68,51,0.75,32,0.6275,sports.khan.co.kr,forbes.com,v.daum.net
이승철,발라드,78,50,0.641,32,0.64,edaily.co.kr,biz.heraldcorp.com,m.cafe.daum.net
츄,솔로,93,53,0.5699,32,0.6038,biz.heraldcorp.com,allkpop.com,hankyung.com
케이윌,발라드,71,55,0.7746,32,0.5818,v.daum.net,enews.imbc.com,asiaartistawards.com
볼빨간사춘기,솔로,88,49,0.5568,31,0.6327,v.daum.net,tickets.interpark.com,news1.kr
장윤정,트로트,92,57,0.6196,31,0.5439,v.daum.net,m.cafe.daum.net,news.nate.com
다비치,발라드,80,38,0.475,30,0.7895,sports.khan.co.kr,koreadaily.com,mydaily.co.kr
로이킴,발라드,89,41,0.4607,29,0.7073,sports.khan.co.kr,newspim.com,tenasia.co.kr
윤하,솔로,83,42,0.506,29,0.6905,sisamagazine.co.kr,imnews.imbc.com,newspim.com
잭스키스,원로그룹,85,45,0.5294,29,0.6444,biz.heraldcorp.com,v.daum.net,starnewskorea.com
FTISLAND,K-pop 보이그룹 /록,73,41,0.5616,28,0.6829,star.ettoday.net,topstarnews.net,v.daum.net
윤도현,록,71,40,0.5634,28,0.7,koreaherald.com,v.daum.net,jstoryyou.com
조용필,발라드,81,37,0.4568,27,0.7297,tickets.interpark.com,hsj.co.kr,ohmynews.com
김동률,발라드,83,39,0.4699,25,0.641,starnewskorea.com,khan.co.kr,dipe.co.kr
린,발라드,78,39,0.5,25,0.641,psnews.co.kr,tickets.interpark.com,newsis.com
나훈아,트로트,70,47,0.6714,23,0.4894,ilyo.co.kr,hankyung.com,v.daum.net
잔나비,록,69,33,0.4783,23,0.697,v.daum.net,hankyung.com,idntimes.com
sg워너비,발라드,75,28,0.3733,22,0.7857,sports.khan.co.kr,rnx.kr,gukjenews.com
김연자,트로트,73,41,0.5616,21,0.5122,v.daum.net,grokipedia.com,min-on.or.jp
이문세,발라드,70,31,0.4429,21,0.6774,hankookilbo.com,kbswa.com,soompi.com
카더가든,솔로,74,34,0.4595,21,0.6176,v.daum.net,isplus.com,news.nate.com
박정현,발라드,70,25,0.3571,20,0.8,web.archive.org,v.daum.net,starnewskorea.com
브라운아이즈,발라드,82,33,0.4024,20,0.6061,v.daum.net,soompi.com,sedaily.com
엄정화,솔로,71,34,0.4789,20,0.5882,v.daum.net,pinkvilla.com,marieclairekorea.com
빅마마,발라드,73,14,0.1918,11,0.7857,xportsnews.com,hankyung.com,news.sbs.co.kr
