fandom,year,n_docs,F1,F2,F3,F4,F5,top2,persona,valid_cell
(여자)아이들,2018,,0.0112,0.1367,0.5381,0.1518,0.1621,F3+F5,글로벌투어형,0
(여자)아이들,2019,,0.1417,0.0737,0.5917,0.148,0.0449,F3+F4,현장상업형,1
(여자)아이들,2020,,0.0971,0.0082,0.3093,0.1218,0.4636,F3+F5,글로벌투어형,0
(여자)아이들,2021,,0.0064,0.0715,0.8056,0.0064,0.1101,F3+F5,글로벌투어형,0
(여자)아이들,2022,,0.1016,0.015,0.4977,0.162,0.2237,F3+F5,글로벌투어형,1
(여자)아이들,2023,,0.0582,0.0097,0.3642,0.2998,0.2681,F3+F4,현장상업형,1
(여자)아이들,2024,,0.0697,0.0382,0.477,0.317,0.0981,F3+F4,현장상업형,1
(여자)아이들,2025,,0.0547,0.0478,0.7337,0.0919,0.0718,F3+F4,현장상업형,1
(여자)아이들,2026,,0.0237,0.0645,0.3921,0.4278,0.092,F3+F4,현장상업형,1
10CM,2016,,0.0472,0.0124,0.142,0.2465,0.5519,F4+F5,산업확장형,1
10CM,2017,,0.0096,0.0096,0.7324,0.0096,0.2388,F3+F5,글로벌투어형,0
10CM,2019,,0.003,0.6361,0.1935,0.003,0.1644,F2+F3,원정소비형,0
10CM,2020,,0.2765,0.1456,0.448,0.0558,0.0741,F1+F3,집단동원형,1
10CM,2021,,0.1952,0.7579,0.0313,0.0078,0.0078,F1+F2,핵심소비형,0
10CM,2022,,0.0089,0.9375,0.0357,0.0089,0.0089,F2+F3,원정소비형,0
10CM,2023,,0.0074,0.0074,0.8306,0.1473,0.0074,F3+F4,현장상업형,0
10CM,2024,,0.0235,0.0163,0.8981,0.0234,0.0387,F3+F5,글로벌투어형,1
10CM,2025,,0.0597,0.0544,0.5591,0.1887,0.1381,F3+F4,현장상업형,1
10CM,2026,,0.0365,0.0147,0.8297,0.0428,0.0763,F3+F5,글로벌투어형,1
A-pink,2015,,0.2183,0.0099,0.1647,0.2247,0.3824,F4+F5,산업확장형,0
A-pink,2016,,0.0666,0.1963,0.5681,0.1561,0.013,F2+F3,원정소비형,0
A-pink,2017,,0.1489,0.0365,0.4185,0.01,0.3861,F3+F5,글로벌투어형,0
A-pink,2018,,0.169,0.0946,0.5919,0.0476,0.0969,F1+F3,집단동원형,1
A-pink,2019,,0.0054,0.4301,0.0217,0.0054,0.5372,F2+F5,글로벌소비형,0
A-pink,2020,,0.0139,0.0139,0.0556,0.0139,0.9027,F3+F5,글로벌투어형,0
A-pink,2021,,0.0063,0.0063,0.975,0.0063,0.0063,F3+F4,현장상업형,0
A-pink,2022,,0.0146,0.0146,0.475,0.4812,0.0146,F3+F4,현장상업형,0
A-pink,2023,,0.1269,0.0074,0.5703,0.0074,0.2881,F3+F5,글로벌투어형,0
A-pink,2024,,0.0074,0.0074,0.8168,0.068,0.1004,F3+F5,글로벌투어형,0
A-pink,2025,,0.1691,0.0403,0.7694,0.0106,0.0106,F1+F3,집단동원형,0
A-pink,2026,,0.0208,0.0658,0.7232,0.1163,0.0739,F3+F4,현장상업형,1
ATEEZ,2019,,0.006,0.006,0.2428,0.7393,0.006,F3+F4,현장상업형,0
ATEEZ,2020,,0.2786,0.07,0.4077,0.0113,0.2324,F1+F3,집단동원형,0
ATEEZ,2021,,0.1131,0.0624,0.7891,0.0064,0.029,F1+F3,집단동원형,0
ATEEZ,2022,,0.0899,0.1014,0.5282,0.0465,0.2339,F3+F5,글로벌투어형,1
ATEEZ,2023,,0.1241,0.017,0.5649,0.0784,0.2156,F3+F5,글로벌투어형,1
ATEEZ,2024,,0.0296,0.0106,0.5512,0.0787,0.33,F3+F5,글로벌투어형,1
ATEEZ,2025,,0.1048,0.0734,0.5205,0.1948,0.1065,F3+F4,현장상업형,1
ATEEZ,2026,,0.0694,0.0429,0.5398,0.0744,0.2735,F3+F5,글로벌투어형,1
BABYMONSTER,2023,,0.0778,0.0198,0.6246,0.0266,0.2512,F3+F5,글로벌투어형,1
BABYMONSTER,2024,,0.094,0.0126,0.6466,0.0672,0.1796,F3+F5,글로벌투어형,1
BABYMONSTER,2025,,0.047,0.0407,0.6487,0.1497,0.1139,F3+F4,현장상업형,1
BABYMONSTER,2026,,0.0528,0.0597,0.6034,0.1439,0.1401,F3+F4,현장상업형,1
BLACKPINK,2017,,0.283,0.1787,0.4107,0.115,0.0126,F1+F3,집단동원형,0
BLACKPINK,2018,,0.165,0.3319,0.4869,0.0081,0.0081,F2+F3,원정소비형,0
BLACKPINK,2019,,0.014,0.014,0.1475,0.8104,0.014,F3+F4,현장상업형,0
BLACKPINK,2020,,0.2644,0.3201,0.3334,0.0069,0.0752,F2+F3,원정소비형,0
BLACKPINK,2021,,0.057,0.097,0.3059,0.5266,0.0136,F3+F4,현장상업형,0
BLACKPINK,2022,,0.0931,0.1558,0.193,0.2823,0.2758,F4+F5,산업확장형,1
BLACKPINK,2023,,0.121,0.2298,0.3109,0.0913,0.247,F3+F5,글로벌투어형,1
BLACKPINK,2024,,0.0993,0.0207,0.5809,0.1304,0.1687,F3+F5,글로벌투어형,1
BLACKPINK,2025,,0.0882,0.0788,0.5567,0.095,0.1814,F3+F5,글로벌투어형,1
BLACKPINK,2026,,0.0784,0.1424,0.4375,0.1073,0.2344,F3+F5,글로벌투어형,1
BTOB,2015,,0.2819,0.0285,0.5923,0.0278,0.0695,F1+F3,집단동원형,1
BTOB,2016,,0.0734,0.0106,0.2674,0.0866,0.5619,F3+F5,글로벌투어형,1
BTOB,2017,,0.1124,0.0105,0.208,0.6587,0.0105,F3+F4,현장상업형,0
BTOB,2018,,0.2134,0.0445,0.4204,0.3086,0.0132,F3+F4,현장상업형,0
BTOB,2020,,0.0062,0.0868,0.8869,0.0139,0.0062,F2+F3,원정소비형,1
BTOB,2021,,0.0084,0.0084,0.4138,0.561,0.0084,F3+F4,현장상업형,0
BTOB,2022,,0.0599,0.0099,0.333,0.2317,0.3655,F3+F5,글로벌투어형,1
BTOB,2023,,0.0043,0.3049,0.0172,0.0043,0.6692,F2+F5,글로벌소비형,0
BTOB,2024,,0.0496,0.006,0.8353,0.1031,0.006,F3+F4,현장상업형,0
BTOB,2025,,0.0059,0.3102,0.5325,0.052,0.0995,F2+F3,원정소비형,1
BTOB,2026,,0.0446,0.1613,0.6371,0.0224,0.1345,F2+F3,원정소비형,1
BTS,2017,,0.086,0.1797,0.3699,0.1525,0.2119,F3+F5,글로벌투어형,1
BTS,2018,,0.253,0.1516,0.4697,0.0605,0.0652,F1+F3,집단동원형,1
BTS,2019,,0.1334,0.124,0.2314,0.3734,0.1378,F3+F4,현장상업형,1
BTS,2020,,0.1309,0.0906,0.3232,0.3983,0.057,F3+F4,현장상업형,1
BTS,2021,,0.08,0.1272,0.3074,0.3266,0.1588,F3+F4,현장상업형,1
BTS,2022,,0.2021,0.1114,0.3442,0.1611,0.1812,F1+F3,집단동원형,1
BTS,2023,,0.3309,0.0079,0.3689,0.2091,0.0832,F1+F3,집단동원형,1
BTS,2024,,0.0459,0.0215,0.4976,0.3062,0.1288,F3+F4,현장상업형,1
BTS,2025,,0.056,0.0084,0.629,0.1,0.2067,F3+F5,글로벌투어형,1
BTS,2026,,0.0954,0.0919,0.4972,0.1431,0.1725,F3+F5,글로벌투어형,1
CNBLUE,2015,,0.0087,0.0374,0.3259,0.0952,0.5328,F3+F5,글로벌투어형,0
CNBLUE,2016,,0.0063,0.2973,0.3611,0.0988,0.2365,F2+F3,원정소비형,0
CNBLUE,2017,,0.0078,0.7124,0.0313,0.0078,0.2408,F2+F5,글로벌소비형,0
CNBLUE,2019,,0.1243,0.005,0.6722,0.1936,0.005,F3+F4,현장상업형,0
CNBLUE,2020,,0.0114,0.0114,0.9544,0.0114,0.0114,F1+F3,집단동원형,0
CNBLUE,2022,,0.0722,0.5901,0.0892,0.0074,0.2411,F2+F5,글로벌소비형,0
CNBLUE,2023,,0.1507,0.0045,0.8359,0.0045,0.0045,F1+F3,집단동원형,0
CNBLUE,2024,,0.1656,0.0117,0.7178,0.0749,0.03,F1+F3,집단동원형,1
CNBLUE,2025,,0.2263,0.0075,0.7279,0.0075,0.0308,F1+F3,집단동원형,1
CNBLUE,2026,,0.0598,0.0167,0.7512,0.0162,0.1561,F3+F5,글로벌투어형,1
CORTIS,2022,,0.0039,0.0039,0.9843,0.0039,0.0039,F1+F3,집단동원형,0
CORTIS,2024,,0.0048,0.0967,0.8392,0.0048,0.0544,F2+F3,원정소비형,0
CORTIS,2025,,0.0675,0.0278,0.3967,0.1832,0.3248,F3+F5,글로벌투어형,1
CORTIS,2026,,0.0521,0.0686,0.4619,0.1878,0.2296,F3+F5,글로벌투어형,1
Crush,2015,,0.0722,0.1722,0.3122,0.0309,0.4125,F3+F5,글로벌투어형,0
Crush,2016,,0.0307,0.3653,0.3283,0.01,0.2657,F2+F3,원정소비형,1
Crush,2018,,0.1615,0.1393,0.689,0.0051,0.0051,F1+F3,집단동원형,0
Crush,2019,,0.0106,0.0106,0.7639,0.0106,0.2042,F3+F5,글로벌투어형,0
Crush,2020,,0.0054,0.475,0.352,0.1622,0.0054,F2+F3,원정소비형,0
Crush,2022,,0.0201,0.067,0.501,0.19,0.2219,F3+F5,글로벌투어형,0
Crush,2023,,0.0101,0.1511,0.6102,0.092,0.1367,F2+F3,원정소비형,1
Crush,2024,,0.0797,0.1526,0.5744,0.0324,0.1609,F3+F5,글로벌투어형,1
Crush,2025,,0.1255,0.0215,0.8356,0.0087,0.0087,F1+F3,집단동원형,1
Crush,2026,,0.0863,0.0794,0.6364,0.1447,0.0532,F3+F4,현장상업형,1
DAY6,2016,,0.006,0.006,0.5313,0.4508,0.006,F3+F4,현장상업형,0
DAY6,2017,,0.0104,0.1385,0.5227,0.3179,0.0104,F3+F4,현장상업형,0
DAY6,2018,,0.0075,0.1655,0.7325,0.0754,0.0191,F2+F3,원정소비형,0
DAY6,2019,,0.0133,0.0133,0.5303,0.4299,0.0133,F3+F4,현장상업형,0
DAY6,2020,,0.0109,0.1148,0.374,0.3025,0.1978,F3+F4,현장상업형,0
DAY6,2021,,0.0096,0.0096,0.9615,0.0096,0.0096,F2+F3,원정소비형,0
DAY6,2022,,0.0058,0.0058,0.9767,0.0058,0.0058,F3+F4,현장상업형,0
DAY6,2024,,0.2214,0.0638,0.5878,0.0182,0.1087,F1+F3,집단동원형,1
DAY6,2025,,0.0535,0.0583,0.6341,0.1132,0.1409,F3+F5,글로벌투어형,1
DAY6,2026,,0.0114,0.1081,0.7787,0.034,0.0678,F2+F3,원정소비형,1
EXO,2015,,0.2967,0.3354,0.266,0.0075,0.0944,F1+F2,핵심소비형,0
EXO,2016,,0.3106,0.1739,0.2271,0.0152,0.2732,F1+F5,글로벌결속형,0
EXO,2017,,0.0126,0.6789,0.0505,0.0126,0.2453,F2+F5,글로벌소비형,0
EXO,2018,,0.223,0.1911,0.168,0.2175,0.2005,F1+F4,브랜드동반형,1
EXO,2019,,0.2237,0.006,0.4236,0.3069,0.0397,F3+F4,현장상업형,0
EXO,2020,,0.2608,0.0945,0.4938,0.1209,0.03,F1+F3,집단동원형,1
EXO,2021,,0.1904,0.0394,0.6314,0.1337,0.0051,F1+F3,집단동원형,0
EXO,2022,,0.0046,0.0046,0.9205,0.0656,0.0046,F3+F4,현장상업형,0
EXO,2023,,0.0863,0.2698,0.4217,0.0093,0.2128,F2+F3,원정소비형,1
EXO,2024,,0.0784,0.0424,0.6176,0.2311,0.0305,F3+F4,현장상업형,1
EXO,2025,,0.0882,0.1313,0.451,0.2253,0.1043,F3+F4,현장상업형,1
EXO,2026,,0.1218,0.0764,0.5914,0.1661,0.0443,F3+F4,현장상업형,1
FTISLAND,2015,,0.1481,0.497,0.1971,0.009,0.1489,F2+F3,원정소비형,0
FTISLAND,2016,,0.1851,0.006,0.7971,0.006,0.006,F1+F3,집단동원형,0
FTISLAND,2017,,0.2306,0.0063,0.7507,0.0063,0.0063,F1+F3,집단동원형,0
FTISLAND,2019,,0.0078,0.0078,0.9687,0.0078,0.0078,F1+F3,집단동원형,0
FTISLAND,2021,,0.0074,0.0074,0.9706,0.0074,0.0074,F1+F3,집단동원형,0
FTISLAND,2022,,0.0095,0.0095,0.9618,0.0095,0.0095,F1+F3,집단동원형,0
FTISLAND,2023,,0.0606,0.0865,0.8336,0.0096,0.0096,F2+F3,원정소비형,0
FTISLAND,2024,,0.0063,0.3197,0.0253,0.0063,0.6424,F2+F5,글로벌소비형,0
FTISLAND,2025,,0.008,0.1694,0.6335,0.008,0.1811,F3+F5,글로벌투어형,1
FTISLAND,2026,,0.0408,0.0118,0.7389,0.121,0.0874,F3+F4,현장상업형,1
GOT7,2015,,0.2489,0.0099,0.2178,0.01,0.5135,F1+F5,글로벌결속형,1
GOT7,2016,,0.1357,0.0334,0.8165,0.0072,0.0072,F1+F3,집단동원형,0
GOT7,2017,,0.1818,0.0075,0.1751,0.3043,0.3312,F4+F5,산업확장형,0
GOT7,2018,,0.1441,0.007,0.6511,0.1345,0.0633,F1+F3,집단동원형,1
GOT7,2019,,0.0979,0.0314,0.6615,0.058,0.1512,F3+F5,글로벌투어형,1
GOT7,2020,,0.1268,0.0444,0.0573,0.4762,0.2953,F4+F5,산업확장형,1
GOT7,2021,,0.1348,0.031,0.4078,0.2635,0.163,F3+F4,현장상업형,1
GOT7,2022,,0.0071,0.0071,0.4985,0.1026,0.3848,F3+F5,글로벌투어형,1
GOT7,2023,,0.0082,0.0763,0.5975,0.1619,0.1561,F3+F4,현장상업형,0
GOT7,2024,,0.0066,0.0066,0.9737,0.0066,0.0066,F3+F4,현장상업형,0
GOT7,2025,,0.0282,0.0313,0.7656,0.1118,0.063,F3+F4,현장상업형,1
GOT7,2026,,0.1976,0.0525,0.3617,0.1143,0.2738,F3+F5,글로벌투어형,0
HOT,2016,,0.006,0.006,0.9762,0.006,0.006,F3+F4,현장상업형,0
HOT,2018,,0.3415,0.0917,0.4485,0.0649,0.0535,F1+F3,집단동원형,1
HOT,2019,,0.1795,0.1362,0.13,0.0403,0.514,F1+F5,글로벌결속형,1
HOT,2020,,0.0074,0.0074,0.9706,0.0074,0.0074,F1+F3,집단동원형,0
HOT,2024,,0.0042,0.1672,0.5638,0.1763,0.0885,F3+F4,현장상업형,0
HOT,2025,,0.1016,0.0082,0.874,0.0082,0.0082,F1+F3,집단동원형,1
HOT,2026,,0.0118,0.0338,0.6181,0.2573,0.079,F3+F4,현장상업형,1
Hearts2Hearts,2020,,0.0054,0.0054,0.7303,0.2534,0.0054,F3+F4,현장상업형,0
Hearts2Hearts,2025,,0.0616,0.198,0.3947,0.2714,0.0743,F3+F4,현장상업형,1
Hearts2Hearts,2026,,0.054,0.0902,0.4704,0.3094,0.076,F3+F4,현장상업형,1
IKON,2015,,0.2465,0.077,0.3397,0.1542,0.1826,F1+F3,집단동원형,1
IKON,2016,,0.1684,0.0095,0.54,0.1508,0.1314,F1+F3,집단동원형,1
IKON,2017,,0.0094,0.0094,0.8935,0.0094,0.0783,F3+F5,글로벌투어형,0
IKON,2018,,0.1518,0.0086,0.2055,0.0086,0.6255,F3+F5,글로벌투어형,0
IKON,2021,,0.0096,0.0096,0.1151,0.0096,0.856,F3+F5,글로벌투어형,0
IKON,2022,,0.0649,0.2022,0.6102,0.0061,0.1166,F2+F3,원정소비형,0
IKON,2023,,0.1939,0.1139,0.4679,0.0109,0.2135,F3+F5,글로벌투어형,0
IKON,2025,,0.0081,0.1328,0.7788,0.0722,0.0081,F2+F3,원정소비형,0
IKON,2026,,0.0289,0.0548,0.5416,0.02,0.3547,F3+F5,글로벌투어형,1
ITZY,2018,,0.1295,0.8405,0.02,0.005,0.005,F1+F2,핵심소비형,0
ITZY,2019,,0.4712,0.1193,0.2369,0.1193,0.0532,F1+F3,집단동원형,0
ITZY,2020,,0.145,0.0069,0.0948,0.7463,0.0069,F1+F4,브랜드동반형,0
ITZY,2021,,0.0512,0.0084,0.3342,0.0084,0.5977,F3+F5,글로벌투어형,0
ITZY,2022,,0.0166,0.1407,0.2534,0.305,0.2843,F4+F5,산업확장형,1
ITZY,2023,,0.0095,0.1179,0.6946,0.1685,0.0095,F3+F4,현장상업형,1
ITZY,2024,,0.0863,0.0704,0.5335,0.1247,0.1852,F3+F5,글로벌투어형,1
ITZY,2025,,0.0093,0.0093,0.7145,0.2576,0.0093,F3+F4,현장상업형,1
ITZY,2026,,0.0077,0.0367,0.8914,0.0077,0.0565,F3+F5,글로벌투어형,1
IVE,2022,,0.0547,0.0092,0.4904,0.1791,0.2667,F3+F5,글로벌투어형,0
IVE,2023,,0.0557,0.1712,0.3937,0.2719,0.1075,F3+F4,현장상업형,1
IVE,2024,,0.0266,0.0718,0.7737,0.0733,0.0546,F3+F4,현장상업형,1
IVE,2025,,0.0868,0.2258,0.5407,0.0254,0.1214,F2+F3,원정소비형,1
IVE,2026,,0.0595,0.088,0.5952,0.2238,0.0336,F3+F4,현장상업형,1
LE SSERAFIM,2022,,0.016,0.0834,0.4997,0.1441,0.2569,F3+F5,글로벌투어형,1
LE SSERAFIM,2023,,0.0533,0.1781,0.3807,0.1654,0.2225,F3+F5,글로벌투어형,1
LE SSERAFIM,2024,,0.0573,0.0932,0.3574,0.4001,0.092,F3+F4,현장상업형,1
LE SSERAFIM,2025,,0.111,0.1261,0.5309,0.0245,0.2075,F3+F5,글로벌투어형,1
LE SSERAFIM,2026,,0.0295,0.0226,0.5811,0.2701,0.0968,F3+F4,현장상업형,1
NCT,2016,,0.2429,0.0079,0.3236,0.4177,0.0079,F3+F4,현장상업형,0
NCT,2017,,0.0139,0.0139,0.19,0.7683,0.0139,F3+F4,현장상업형,0
NCT,2018,,0.0114,0.9204,0.0455,0.0114,0.0114,F2+F3,원정소비형,0
NCT,2019,,0.0078,0.0078,0.5844,0.3921,0.0078,F3+F4,현장상업형,0
NCT,2020,,0.3394,0.0075,0.2201,0.1228,0.3101,F1+F5,글로벌결속형,1
NCT,2021,,0.1036,0.1721,0.1597,0.37,0.1946,F4+F5,산업확장형,1
NCT,2022,,0.0788,0.0713,0.4451,0.2909,0.1139,F3+F4,현장상업형,1
NCT,2023,,0.0879,0.0507,0.4589,0.2352,0.1673,F3+F4,현장상업형,1
NCT,2024,,0.0484,0.116,0.4184,0.1307,0.2864,F3+F5,글로벌투어형,1
NCT,2025,,0.0642,0.1667,0.4942,0.1037,0.1712,F3+F5,글로벌투어형,1
NCT,2026,,0.0104,0.0435,0.6294,0.2678,0.0489,F3+F4,현장상업형,1
NewJeans,2022,,0.0715,0.009,0.2339,0.3676,0.318,F4+F5,산업확장형,1
NewJeans,2023,,0.0429,0.2739,0.2516,0.2053,0.2263,F2+F3,원정소비형,1
NewJeans,2024,,0.0892,0.2126,0.2761,0.2437,0.1785,F3+F4,현장상업형,1
NewJeans,2025,,0.06,0.1085,0.5823,0.0701,0.1791,F3+F5,글로벌투어형,1
NewJeans,2026,,0.028,0.1689,0.3062,0.2517,0.2452,F3+F4,현장상업형,1
QWER,2023,,0.1393,0.009,0.38,0.4528,0.0188,F3+F4,현장상업형,1
QWER,2024,,0.1098,0.0225,0.4313,0.2883,0.1481,F3+F4,현장상업형,1
QWER,2025,,0.0737,0.0605,0.5666,0.2217,0.0775,F3+F4,현장상업형,1
QWER,2026,,0.0639,0.0562,0.565,0.1785,0.1363,F3+F4,현장상업형,1
RIIZE,2022,,0.0069,0.0069,0.9722,0.007,0.007,F3+F4,현장상업형,0
RIIZE,2023,,0.2011,0.138,0.4782,0.162,0.0206,F1+F3,집단동원형,1
RIIZE,2024,,0.1099,0.0853,0.3814,0.3391,0.0842,F3+F4,현장상업형,1
RIIZE,2025,,0.1417,0.0758,0.5611,0.1583,0.063,F3+F4,현장상업형,1
RIIZE,2026,,0.0666,0.1734,0.6522,0.0679,0.04,F2+F3,원정소비형,1
SEVENTEEN,2015,,0.2832,0.0055,0.0218,0.0054,0.6842,F1+F5,글로벌결속형,0
SEVENTEEN,2016,,0.0494,0.1994,0.733,0.009,0.0091,F2+F3,원정소비형,0
SEVENTEEN,2017,,0.0068,0.0841,0.8243,0.0781,0.0067,F2+F3,원정소비형,0
SEVENTEEN,2018,,0.0125,0.0125,0.5257,0.4368,0.0125,F3+F4,현장상업형,0
SEVENTEEN,2019,,0.0116,0.0116,0.7756,0.1659,0.0352,F3+F4,현장상업형,1
SEVENTEEN,2020,,0.0114,0.1185,0.8472,0.0114,0.0114,F2+F3,원정소비형,0
SEVENTEEN,2021,,0.006,0.006,0.2449,0.006,0.7373,F3+F5,글로벌투어형,0
SEVENTEEN,2022,,0.1936,0.1835,0.4794,0.1318,0.0118,F1+F3,집단동원형,1
SEVENTEEN,2023,,0.2158,0.1015,0.3101,0.2132,0.1593,F1+F3,집단동원형,1
SEVENTEEN,2024,,0.1102,0.0923,0.4789,0.1956,0.1229,F3+F4,현장상업형,1
SEVENTEEN,2025,,0.143,0.1521,0.5174,0.1271,0.0605,F2+F3,원정소비형,1
SEVENTEEN,2026,,0.0736,0.102,0.6141,0.0924,0.1179,F3+F5,글로벌투어형,1
STAYC,2020,,0.0914,0.1498,0.2257,0.0081,0.525,F3+F5,글로벌투어형,1
STAYC,2021,,0.0372,0.424,0.194,0.0096,0.3352,F2+F5,글로벌소비형,1
STAYC,2022,,0.0158,0.0158,0.8325,0.1201,0.0158,F3+F4,현장상업형,0
STAYC,2023,,0.0757,0.0353,0.5122,0.2197,0.1571,F3+F4,현장상업형,1
STAYC,2024,,0.0181,0.2625,0.4404,0.1262,0.1528,F2+F3,원정소비형,1
STAYC,2025,,0.0258,0.0652,0.8255,0.0299,0.0537,F2+F3,원정소비형,1
STAYC,2026,,0.0978,0.0314,0.7393,0.0072,0.1243,F3+F5,글로벌투어형,1
Stray Kids,2018,,0.004,0.004,0.7821,0.1638,0.0461,F3+F4,현장상업형,0
Stray Kids,2019,,0.2137,0.0208,0.0834,0.6612,0.0208,F1+F4,브랜드동반형,0
Stray Kids,2020,,0.0094,0.0094,0.5125,0.4593,0.0094,F3+F4,현장상업형,0
Stray Kids,2021,,0.0054,0.0054,0.9783,0.0054,0.0054,F1+F3,집단동원형,0
Stray Kids,2022,,0.038,0.2475,0.3847,0.145,0.1847,F2+F3,원정소비형,0
Stray Kids,2023,,0.0629,0.0105,0.1851,0.4379,0.3037,F4+F5,산업확장형,1
Stray Kids,2024,,0.0527,0.0342,0.6339,0.1815,0.0978,F3+F4,현장상업형,1
Stray Kids,2025,,0.0791,0.1567,0.4352,0.1715,0.1575,F3+F4,현장상업형,1
Stray Kids,2026,,0.0534,0.0923,0.47,0.2185,0.1659,F3+F4,현장상업형,1
TWICE,2015,,0.0441,0.0099,0.4518,0.4018,0.0924,F3+F4,현장상업형,0
TWICE,2016,,0.0653,0.0097,0.648,0.2415,0.0355,F3+F4,현장상업형,1
TWICE,2017,,0.1729,0.008,0.336,0.2553,0.2278,F3+F4,현장상업형,1
TWICE,2018,,0.2255,0.0079,0.5443,0.2143,0.0079,F1+F3,집단동원형,1
TWICE,2019,,0.3473,0.0152,0.5214,0.0073,0.1088,F1+F3,집단동원형,1
TWICE,2020,,0.2122,0.0104,0.1309,0.0104,0.6361,F1+F5,글로벌결속형,0
TWICE,2021,,0.0094,0.122,0.3215,0.3722,0.175,F3+F4,현장상업형,1
TWICE,2022,,0.1846,0.0087,0.4161,0.2703,0.1203,F3+F4,현장상업형,1
TWICE,2023,,0.2047,0.0357,0.3815,0.2581,0.1199,F3+F4,현장상업형,1
TWICE,2024,,0.1277,0.0544,0.4394,0.1783,0.2002,F3+F5,글로벌투어형,1
TWICE,2025,,0.0763,0.1028,0.4898,0.128,0.2031,F3+F5,글로벌투어형,1
TWICE,2026,,0.0647,0.0557,0.482,0.2468,0.1508,F3+F4,현장상업형,1
Zion.T,2015,,0.2111,0.1576,0.2718,0.0461,0.3134,F3+F5,글로벌투어형,1
Zion.T,2016,,0.2746,0.1452,0.1967,0.3437,0.0399,F1+F4,브랜드동반형,1
Zion.T,2017,,0.0905,0.2166,0.6288,0.0224,0.0417,F2+F3,원정소비형,1
Zion.T,2018,,0.0085,0.0085,0.8435,0.0085,0.131,F3+F5,글로벌투어형,0
Zion.T,2019,,0.0076,0.0527,0.8622,0.07,0.0076,F3+F4,현장상업형,1
Zion.T,2020,,0.0411,0.2174,0.6979,0.0056,0.0381,F2+F3,원정소비형,0
Zion.T,2021,,0.0077,0.1311,0.7868,0.0407,0.0337,F2+F3,원정소비형,1
Zion.T,2022,,0.0148,0.2334,0.5703,0.0623,0.1192,F2+F3,원정소비형,0
Zion.T,2023,,0.006,0.006,0.3881,0.1534,0.4465,F3+F5,글로벌투어형,0
Zion.T,2024,,0.0707,0.0067,0.9092,0.0067,0.0067,F1+F3,집단동원형,1
Zion.T,2025,,0.0294,0.1535,0.6513,0.0424,0.1234,F2+F3,원정소비형,1
Zion.T,2026,,0.0055,0.0055,0.9779,0.0055,0.0055,F3+F4,현장상업형,0
aespa,2020,,0.0052,0.0052,0.9791,0.0052,0.0052,F3+F4,현장상업형,0
aespa,2021,,0.012,0.0189,0.3503,0.5913,0.0274,F3+F4,현장상업형,1
aespa,2022,,0.0751,0.0114,0.2263,0.5244,0.1627,F3+F4,현장상업형,1
aespa,2023,,0.0546,0.0877,0.5144,0.1369,0.2064,F3+F5,글로벌투어형,1
aespa,2024,,0.0489,0.0104,0.5676,0.2811,0.092,F3+F4,현장상업형,1
aespa,2025,,0.1026,0.0961,0.3956,0.1844,0.2214,F3+F5,글로벌투어형,1
aespa,2026,,0.0589,0.0487,0.5341,0.1952,0.1631,F3+F4,현장상업형,1
god,2018,,0.0069,0.0069,0.9722,0.007,0.0069,F3+F4,현장상업형,0
god,2019,,0.0068,0.0068,0.9727,0.0068,0.0068,F1+F3,집단동원형,0
god,2020,,0.0139,0.411,0.5473,0.0139,0.0139,F2+F3,원정소비형,0
god,2022,,0.0769,0.0086,0.8973,0.0086,0.0086,F1+F3,집단동원형,1
god,2023,,0.1104,0.0442,0.7856,0.0329,0.0269,F1+F3,집단동원형,1
god,2024,,0.1166,0.0818,0.54,0.1488,0.1128,F3+F4,현장상업형,1
god,2025,,0.0726,0.0569,0.7904,0.0078,0.0722,F1+F3,집단동원형,1
god,2026,,0.0495,0.0362,0.8491,0.0248,0.0403,F1+F3,집단동원형,1
sg워너비,2015,,0.0033,0.0033,0.8228,0.0033,0.1673,F3+F5,글로벌투어형,0
sg워너비,2016,,0.0072,0.109,0.6078,0.2688,0.0072,F3+F4,현장상업형,0
sg워너비,2017,,0.005,0.005,0.8382,0.005,0.1467,F3+F5,글로벌투어형,0
sg워너비,2021,,0.0664,0.2444,0.5384,0.072,0.0788,F2+F3,원정소비형,1
sg워너비,2022,,0.0074,0.0074,0.9706,0.0074,0.0074,F3+F4,현장상업형,0
sg워너비,2023,,0.0052,0.023,0.7401,0.2264,0.0052,F3+F4,현장상업형,0
sg워너비,2024,,0.0238,0.094,0.8211,0.0078,0.0533,F2+F3,원정소비형,1
sg워너비,2025,,0.0062,0.0062,0.9751,0.0062,0.0062,F1+F3,집단동원형,0
sg워너비,2026,,0.005,0.0411,0.9285,0.0203,0.005,F2+F3,원정소비형,0
거미,2015,,0.0119,0.0119,0.8804,0.0119,0.0838,F3+F5,글로벌투어형,0
거미,2016,,0.0268,0.1941,0.5952,0.1173,0.0666,F2+F3,원정소비형,1
거미,2017,,0.005,0.4231,0.1009,0.005,0.466,F2+F5,글로벌소비형,0
거미,2018,,0.0078,0.4582,0.2641,0.0078,0.2621,F2+F3,원정소비형,0
거미,2019,,0.0947,0.1724,0.6491,0.0713,0.0125,F2+F3,원정소비형,1
거미,2020,,0.0083,0.0083,0.9667,0.0083,0.0083,F3+F4,현장상업형,0
거미,2022,,0.0089,0.0089,0.9643,0.0089,0.0089,F1+F3,집단동원형,0
거미,2023,,0.0591,0.0447,0.8568,0.0059,0.0334,F1+F3,집단동원형,0
거미,2024,,0.0609,0.0647,0.5493,0.0091,0.316,F3+F5,글로벌투어형,0
거미,2025,,0.0115,0.0115,0.9539,0.0115,0.0115,F3+F4,현장상업형,1
거미,2026,,0.0936,0.0084,0.6049,0.2847,0.0084,F3+F4,현장상업형,1
권은비,2021,,0.5259,0.0816,0.0814,0.2527,0.0584,F1+F4,브랜드동반형,0
권은비,2022,,0.071,0.2739,0.4267,0.008,0.2204,F2+F3,원정소비형,1
권은비,2023,,0.066,0.119,0.4054,0.2222,0.1874,F3+F4,현장상업형,1
권은비,2024,,0.0109,0.0877,0.7642,0.0109,0.1262,F3+F5,글로벌투어형,1
권은비,2025,,0.0437,0.0507,0.6748,0.1507,0.0801,F3+F4,현장상업형,1
권은비,2026,,0.1498,0.0725,0.5634,0.1255,0.0887,F1+F3,집단동원형,1
김동률,2015,,0.569,0.012,0.3012,0.012,0.1057,F1+F3,집단동원형,0
김동률,2018,,0.283,0.0553,0.4828,0.0419,0.137,F1+F3,집단동원형,1
김동률,2019,,0.8198,0.0408,0.0384,0.0096,0.0914,F1+F5,글로벌결속형,0
김동률,2023,,0.6932,0.0078,0.2834,0.0078,0.0078,F1+F3,집단동원형,0
김동률,2024,,0.0054,0.0054,0.8444,0.0832,0.0616,F3+F4,현장상업형,0
김동률,2025,,0.1771,0.081,0.5977,0.0362,0.108,F1+F3,집단동원형,1
김동률,2026,,0.1333,0.0059,0.849,0.0059,0.0059,F1+F3,집단동원형,1
김연자,2015,,0.0125,0.0125,0.95,0.0125,0.0125,F1+F3,집단동원형,0
김연자,2016,,0.1044,0.4963,0.261,0.0078,0.1305,F2+F3,원정소비형,0
김연자,2017,,0.0114,0.0114,0.3577,0.0114,0.6082,F3+F5,글로벌투어형,0
김연자,2018,,0.0528,0.0056,0.8653,0.0707,0.0056,F3+F4,현장상업형,0
김연자,2020,,0.0094,0.0094,0.9625,0.0094,0.0094,F3+F4,현장상업형,0
김연자,2021,,0.1496,0.1774,0.4006,0.2617,0.0107,F3+F4,현장상업형,0
김연자,2022,,0.009,0.009,0.3024,0.6706,0.009,F3+F4,현장상업형,0
김연자,2023,,0.0074,0.0074,0.9706,0.0074,0.0074,F1+F3,집단동원형,0
김연자,2024,,0.0095,0.1789,0.7764,0.0095,0.0258,F2+F3,원정소비형,1
김연자,2025,,0.0126,0.2451,0.5638,0.0126,0.1659,F2+F3,원정소비형,0
김연자,2026,,0.0085,0.0085,0.9519,0.0085,0.0227,F3+F5,글로벌투어형,1
김재중,2015,,0.2179,0.0028,0.5695,0.207,0.0028,F1+F3,집단동원형,0
김재중,2016,,0.0685,0.0078,0.8281,0.0078,0.0878,F3+F5,글로벌투어형,0
김재중,2017,,0.0099,0.0099,0.7873,0.1832,0.0099,F3+F4,현장상업형,0
김재중,2018,,0.0139,0.0139,0.9444,0.0139,0.0139,F1+F3,집단동원형,0
김재중,2019,,0.0077,0.0418,0.6401,0.0396,0.2708,F3+F5,글로벌투어형,0
김재중,2020,,0.0051,0.043,0.7209,0.1068,0.1242,F3+F5,글로벌투어형,0
김재중,2021,,0.0066,0.0066,0.0264,0.9539,0.0066,F3+F4,현장상업형,0
김재중,2023,,0.0691,0.0244,0.7943,0.0826,0.0296,F3+F4,현장상업형,1
김재중,2024,,0.1127,0.0051,0.5708,0.3064,0.0051,F3+F4,현장상업형,0
김재중,2025,,0.0458,0.01,0.7557,0.1426,0.0459,F3+F4,현장상업형,1
김재중,2026,,0.0076,0.0139,0.8428,0.0556,0.0801,F3+F5,글로벌투어형,1
김호중,2020,,0.1692,0.1224,0.3441,0.0892,0.2752,F3+F5,글로벌투어형,1
김호중,2021,,0.2295,0.2403,0.4998,0.0152,0.0152,F2+F3,원정소비형,0
김호중,2022,,0.0649,0.1914,0.3418,0.2895,0.1123,F3+F4,현장상업형,1
김호중,2023,,0.1405,0.3064,0.4031,0.0307,0.1193,F2+F3,원정소비형,1
김호중,2024,,0.1809,0.1673,0.364,0.1892,0.0986,F3+F4,현장상업형,1
김호중,2025,,0.1942,0.0122,0.7267,0.0291,0.0377,F1+F3,집단동원형,1
김호중,2026,,0.0135,0.0135,0.8158,0.1438,0.0135,F3+F4,현장상업형,1
나훈아,2017,,0.3791,0.1583,0.1927,0.0392,0.2306,F1+F5,글로벌결속형,1
나훈아,2019,,0.583,0.1556,0.1764,0.0135,0.0714,F1+F3,집단동원형,0
나훈아,2020,,0.4038,0.0877,0.433,0.0108,0.0646,F1+F3,집단동원형,1
나훈아,2024,,0.1708,0.1026,0.4747,0.1398,0.112,F1+F3,집단동원형,1
나훈아,2025,,0.1121,0.0996,0.6758,0.0091,0.1034,F1+F3,집단동원형,1
나훈아,2026,,0.0104,0.0104,0.8711,0.0104,0.0976,F3+F5,글로벌투어형,0
다비치,2015,,0.0139,0.0139,0.9444,0.0139,0.0139,F2+F3,원정소비형,0
다비치,2016,,0.0229,0.224,0.5059,0.0569,0.1903,F2+F3,원정소비형,1
다비치,2018,,0.0073,0.0073,0.9708,0.0073,0.0073,F1+F3,집단동원형,0
다비치,2019,,0.0688,0.0242,0.7489,0.0515,0.1066,F3+F5,글로벌투어형,1
다비치,2022,,0.0661,0.0134,0.6177,0.2894,0.0134,F3+F4,현장상업형,0
다비치,2023,,0.0111,0.0111,0.5984,0.3684,0.0111,F3+F4,현장상업형,0
다비치,2024,,0.0081,0.0081,0.6879,0.2879,0.0081,F3+F4,현장상업형,0
다비치,2025,,0.0104,0.0551,0.4554,0.3824,0.0967,F3+F4,현장상업형,0
다비치,2026,,0.2848,0.071,0.4905,0.0345,0.1192,F1+F3,집단동원형,1
다이나믹듀오,2017,,0.0384,0.0096,0.6928,0.0096,0.2495,F3+F5,글로벌투어형,0
다이나믹듀오,2018,,0.2296,0.005,0.6532,0.1072,0.005,F1+F3,집단동원형,0
다이나믹듀오,2020,,0.0104,0.2177,0.6204,0.0104,0.141,F2+F3,원정소비형,0
다이나믹듀오,2022,,0.0065,0.0065,0.8425,0.138,0.0065,F3+F4,현장상업형,0
다이나믹듀오,2023,,0.3002,0.0077,0.6571,0.0077,0.0274,F1+F3,집단동원형,1
다이나믹듀오,2024,,0.0826,0.1768,0.5342,0.0095,0.1969,F3+F5,글로벌투어형,0
다이나믹듀오,2025,,0.1222,0.0559,0.758,0.0297,0.0343,F1+F3,집단동원형,1
다이나믹듀오,2026,,0.0056,0.0056,0.8152,0.0282,0.1454,F3+F5,글로벌투어형,1
동방신기,2016,,0.0767,0.0052,0.9076,0.0052,0.0052,F1+F3,집단동원형,0
동방신기,2017,,0.1485,0.0124,0.7275,0.0124,0.0991,F1+F3,집단동원형,0
동방신기,2018,,0.1905,0.1156,0.3884,0.0225,0.283,F3+F5,글로벌투어형,1
동방신기,2019,,0.0063,0.0063,0.975,0.0063,0.0063,F3+F5,글로벌투어형,0
동방신기,2020,,0.4056,0.0072,0.5439,0.0361,0.0072,F1+F3,집단동원형,0
동방신기,2023,,0.0062,0.3447,0.3826,0.1572,0.1093,F2+F3,원정소비형,0
동방신기,2024,,0.1492,0.1434,0.6119,0.0663,0.0292,F1+F3,집단동원형,0
동방신기,2025,,0.0937,0.0141,0.7894,0.0743,0.0285,F1+F3,집단동원형,1
동방신기,2026,,0.0995,0.0907,0.7035,0.0083,0.0981,F1+F3,집단동원형,1
레드벨벳,2015,,0.089,0.0078,0.4348,0.4606,0.0078,F3+F4,현장상업형,0
레드벨벳,2016,,0.014,0.1577,0.6561,0.1582,0.014,F3+F4,현장상업형,0
레드벨벳,2017,,0.112,0.0142,0.3215,0.5382,0.0142,F3+F4,현장상업형,1
레드벨벳,2018,,0.1415,0.0202,0.545,0.266,0.0273,F3+F4,현장상업형,1
레드벨벳,2019,,0.0313,0.0313,0.276,0.6302,0.0313,F3+F4,현장상업형,0
레드벨벳,2020,,0.033,0.2214,0.263,0.0068,0.4757,F3+F5,글로벌투어형,0
레드벨벳,2021,,0.0097,0.083,0.3231,0.3803,0.2039,F3+F4,현장상업형,1
레드벨벳,2022,,0.1728,0.2395,0.2987,0.0219,0.2669,F3+F5,글로벌투어형,1
레드벨벳,2023,,0.0532,0.1507,0.6143,0.0886,0.0932,F2+F3,원정소비형,1
레드벨벳,2024,,0.0453,0.1179,0.7898,0.0072,0.0398,F2+F3,원정소비형,1
레드벨벳,2025,,0.0201,0.075,0.6447,0.1508,0.1095,F3+F4,현장상업형,1
레드벨벳,2026,,0.0395,0.1163,0.6393,0.0841,0.1208,F3+F5,글로벌투어형,1
로이킴,2015,,0.3272,0.0153,0.5963,0.0153,0.0458,F1+F3,집단동원형,0
로이킴,2016,,0.1399,0.0096,0.3417,0.4993,0.0096,F3+F4,현장상업형,0
로이킴,2018,,0.1453,0.0114,0.4592,0.0807,0.3034,F3+F5,글로벌투어형,1
로이킴,2019,,0.1175,0.0073,0.5621,0.3059,0.0073,F3+F4,현장상업형,0
로이킴,2022,,0.0563,0.0591,0.5251,0.2422,0.1174,F3+F4,현장상업형,1
로이킴,2024,,0.0062,0.0062,0.8576,0.1239,0.0062,F3+F4,현장상업형,0
로이킴,2025,,0.0072,0.0164,0.8984,0.0582,0.0198,F3+F4,현장상업형,1
로이킴,2026,,0.0388,0.0609,0.7438,0.0611,0.0954,F3+F5,글로벌투어형,1
리센느(RESCENE),2024,,0.1096,0.0063,0.4842,0.089,0.3109,F3+F5,글로벌투어형,1
리센느(RESCENE),2025,,0.1288,0.0409,0.383,0.0256,0.4216,F3+F5,글로벌투어형,1
리센느(RESCENE),2026,,0.0784,0.0301,0.3755,0.3707,0.1453,F3+F4,현장상업형,1
린,2015,,0.7656,0.1406,0.0626,0.0156,0.0156,F1+F2,핵심소비형,0
린,2016,,0.005,0.965,0.02,0.005,0.005,F2+F3,원정소비형,0
린,2018,,0.0741,0.3347,0.471,0.0121,0.1082,F2+F3,원정소비형,0
린,2020,,0.0083,0.0083,0.7163,0.2587,0.0083,F3+F4,현장상업형,0
린,2021,,0.0078,0.1414,0.8352,0.0078,0.0078,F2+F3,원정소비형,0
린,2022,,0.0125,0.0125,0.2388,0.7237,0.0125,F3+F4,현장상업형,0
린,2024,,0.1776,0.1402,0.5747,0.0096,0.0978,F1+F3,집단동원형,1
린,2025,,0.0632,0.0175,0.8899,0.0109,0.0185,F1+F3,집단동원형,1
린,2026,,0.0551,0.0386,0.7841,0.066,0.0562,F3+F4,현장상업형,1
마마무,2015,,0.0739,0.1731,0.4976,0.0983,0.1571,F2+F3,원정소비형,0
마마무,2016,,0.3025,0.0104,0.2281,0.4167,0.0423,F1+F4,브랜드동반형,1
마마무,2017,,0.1022,0.2835,0.0317,0.0079,0.5747,F2+F5,글로벌소비형,0
마마무,2018,,0.208,0.0673,0.2047,0.3852,0.1348,F1+F4,브랜드동반형,1
마마무,2019,,0.0102,0.1054,0.7595,0.1146,0.0102,F3+F4,현장상업형,0
마마무,2020,,0.0105,0.1067,0.042,0.0105,0.8303,F2+F5,글로벌소비형,1
마마무,2021,,0.0633,0.056,0.6426,0.0081,0.23,F3+F5,글로벌투어형,0
마마무,2023,,0.0078,0.2048,0.4726,0.0078,0.307,F3+F5,글로벌투어형,1
마마무,2024,,0.0089,0.0089,0.373,0.1691,0.44,F3+F5,글로벌투어형,0
마마무,2025,,0.0057,0.0057,0.7222,0.2438,0.0225,F3+F4,현장상업형,0
마마무,2026,,0.0565,0.0406,0.6779,0.1708,0.0542,F3+F4,현장상업형,1
몬스타엑스,2016,,0.0104,0.2505,0.5743,0.0104,0.1544,F2+F3,원정소비형,0
몬스타엑스,2017,,0.0066,0.0344,0.3587,0.0066,0.5937,F3+F5,글로벌투어형,0
몬스타엑스,2018,,0.0068,0.0068,0.8418,0.0068,0.1378,F3+F5,글로벌투어형,0
몬스타엑스,2019,,0.0232,0.0214,0.7563,0.1314,0.0676,F3+F4,현장상업형,1
몬스타엑스,2020,,0.0069,0.0464,0.7952,0.0069,0.1446,F3+F5,글로벌투어형,0
몬스타엑스,2021,,0.0741,0.1013,0.3899,0.2735,0.1612,F3+F4,현장상업형,0
몬스타엑스,2022,,0.007,0.0728,0.5856,0.3277,0.0069,F3+F4,현장상업형,0
몬스타엑스,2023,,0.0065,0.0404,0.4377,0.509,0.0065,F3+F4,현장상업형,0
몬스타엑스,2024,,0.0104,0.0104,0.1938,0.775,0.0104,F3+F4,현장상업형,0
몬스타엑스,2025,,0.0755,0.0392,0.6792,0.0705,0.1356,F3+F5,글로벌투어형,1
몬스타엑스,2026,,0.0418,0.0281,0.6746,0.0488,0.2068,F3+F5,글로벌투어형,1
박서진,2015,,0.7812,0.0313,0.1251,0.0313,0.0313,F1+F3,집단동원형,0
박서진,2018,,0.1931,0.0064,0.7877,0.0064,0.0064,F1+F3,집단동원형,0
박서진,2020,,0.0721,0.009,0.8166,0.0431,0.0591,F1+F3,집단동원형,0
박서진,2021,,0.0081,0.0081,0.8464,0.1294,0.0081,F3+F4,현장상업형,0
박서진,2022,,0.1786,0.0098,0.7921,0.0098,0.0098,F1+F3,집단동원형,0
박서진,2023,,0.0558,0.0084,0.8228,0.1047,0.0084,F3+F4,현장상업형,1
박서진,2024,,0.108,0.0437,0.7158,0.095,0.0374,F1+F3,집단동원형,1
박서진,2025,,0.227,0.0104,0.637,0.0938,0.0318,F1+F3,집단동원형,1
박서진,2026,,0.089,0.0136,0.8265,0.0533,0.0176,F1+F3,집단동원형,1
박재범,2015,,0.111,0.0069,0.8681,0.0069,0.007,F1+F3,집단동원형,0
박재범,2016,,0.2598,0.2038,0.2614,0.0077,0.2674,F3+F5,글로벌투어형,0
박재범,2017,,0.0074,0.0074,0.7362,0.2417,0.0074,F3+F4,현장상업형,0
박재범,2018,,0.0063,0.6157,0.025,0.0063,0.3468,F2+F5,글로벌소비형,0
박재범,2021,,0.0089,0.0089,0.0357,0.9374,0.0089,F3+F4,현장상업형,0
박재범,2022,,0.0916,0.1671,0.2853,0.3966,0.0594,F3+F4,현장상업형,1
박재범,2023,,0.0077,0.0077,0.4804,0.4757,0.0285,F3+F4,현장상업형,1
박재범,2024,,0.1764,0.0862,0.3456,0.2224,0.1695,F3+F4,현장상업형,0
박재범,2025,,0.0516,0.0106,0.866,0.0611,0.0106,F3+F4,현장상업형,1
박재범,2026,,0.0422,0.0278,0.8798,0.0091,0.0412,F1+F3,집단동원형,1
박정현,2015,,0.0125,0.2939,0.6686,0.0125,0.0125,F2+F3,원정소비형,0
박정현,2016,,0.0125,0.4272,0.5353,0.0125,0.0125,F2+F3,원정소비형,0
박정현,2017,,0.1099,0.0114,0.856,0.0114,0.0114,F1+F3,집단동원형,0
박정현,2019,,0.0738,0.2673,0.5505,0.0123,0.096,F2+F3,원정소비형,0
박정현,2022,,0.344,0.2205,0.3472,0.009,0.0794,F1+F3,집단동원형,0
박정현,2024,,0.0873,0.1516,0.4232,0.3281,0.0099,F3+F4,현장상업형,0
박정현,2025,,0.011,0.011,0.912,0.011,0.055,F3+F5,글로벌투어형,1
박정현,2026,,0.0104,0.0104,0.9583,0.0104,0.0104,F3+F4,현장상업형,0
박효신,2015,,0.005,0.005,0.98,0.005,0.005,F3+F5,글로벌투어형,0
박효신,2016,,0.485,0.008,0.491,0.008,0.008,F1+F3,집단동원형,0
박효신,2017,,0.1518,0.0446,0.7501,0.0089,0.0446,F1+F3,집단동원형,0
박효신,2018,,0.0599,0.1979,0.6435,0.0252,0.0736,F2+F3,원정소비형,0
박효신,2019,,0.1252,0.0066,0.7388,0.0951,0.0343,F1+F3,집단동원형,1
박효신,2020,,0.0096,0.0881,0.883,0.0096,0.0096,F2+F3,원정소비형,0
박효신,2022,,0.305,0.0557,0.5997,0.0077,0.0319,F1+F3,집단동원형,0
박효신,2023,,0.1732,0.0063,0.808,0.0063,0.0063,F1+F3,집단동원형,0
박효신,2024,,0.1073,0.2265,0.5427,0.0472,0.0763,F2+F3,원정소비형,0
박효신,2025,,0.0518,0.0854,0.7067,0.0425,0.1135,F3+F5,글로벌투어형,1
박효신,2026,,0.2142,0.0826,0.5493,0.0416,0.1124,F1+F3,집단동원형,1
백지영,2015,,0.1975,0.0063,0.6047,0.1852,0.0063,F1+F3,집단동원형,0
백지영,2016,,0.0073,0.0586,0.9196,0.0073,0.0073,F2+F3,원정소비형,0
백지영,2018,,0.0092,0.0092,0.9633,0.0092,0.0092,F1+F3,집단동원형,0
백지영,2019,,0.0074,0.0074,0.2871,0.6908,0.0074,F3+F4,현장상업형,0
백지영,2020,,0.0067,0.0518,0.5174,0.3889,0.0352,F3+F4,현장상업형,0
백지영,2021,,0.009,0.009,0.9374,0.009,0.0357,F3+F5,글로벌투어형,0
백지영,2022,,0.0958,0.0748,0.7386,0.0096,0.0811,F1+F3,집단동원형,0
백지영,2023,,0.0057,0.0587,0.8577,0.0722,0.0057,F3+F4,현장상업형,0
백지영,2024,,0.0432,0.2494,0.1451,0.465,0.0973,F2+F4,소비상업형,0
백지영,2025,,0.1798,0.1757,0.425,0.0128,0.2067,F3+F5,글로벌투어형,1
백지영,2026,,0.0057,0.0327,0.9502,0.0057,0.0057,F2+F3,원정소비형,1
보아,2016,,0.1015,0.0618,0.559,0.2671,0.0106,F3+F4,현장상업형,0
보아,2018,,0.0114,0.0114,0.3264,0.0114,0.6394,F3+F5,글로벌투어형,0
보아,2020,,0.0052,0.0052,0.9792,0.0052,0.0052,F3+F4,현장상업형,0
보아,2021,,0.007,0.14,0.0278,0.1798,0.6454,F4+F5,산업확장형,0
보아,2024,,0.0083,0.0083,0.9666,0.0083,0.0083,F1+F3,집단동원형,0
보아,2025,,0.007,0.018,0.7917,0.1595,0.0238,F3+F4,현장상업형,1
보아,2026,,0.0334,0.0574,0.6807,0.1532,0.0753,F3+F4,현장상업형,1
볼빨간사춘기,2016,,0.3483,0.1695,0.2467,0.0133,0.2222,F1+F3,집단동원형,0
볼빨간사춘기,2017,,0.2208,0.1025,0.1638,0.0115,0.5014,F1+F5,글로벌결속형,1
볼빨간사춘기,2018,,0.0505,0.1322,0.7998,0.0088,0.0088,F2+F3,원정소비형,0
볼빨간사춘기,2019,,0.0088,0.0088,0.8921,0.0088,0.0815,F3+F5,글로벌투어형,0
볼빨간사춘기,2020,,0.0144,0.1552,0.5811,0.1694,0.08,F3+F4,현장상업형,1
볼빨간사춘기,2022,,0.0093,0.0093,0.3188,0.0093,0.6534,F3+F5,글로벌투어형,0
볼빨간사춘기,2023,,0.0047,0.2632,0.276,0.0047,0.4514,F3+F5,글로벌투어형,1
볼빨간사춘기,2024,,0.1695,0.0089,0.8038,0.0089,0.0089,F1+F3,집단동원형,0
볼빨간사춘기,2025,,0.0336,0.1101,0.6472,0.1185,0.0906,F3+F4,현장상업형,1
볼빨간사춘기,2026,,0.0263,0.1233,0.7004,0.117,0.033,F2+F3,원정소비형,1
브라운아이즈,2015,,0.0907,0.1035,0.7783,0.0201,0.0074,F2+F3,원정소비형,1
브라운아이즈,2017,,0.0104,0.0104,0.5196,0.234,0.2255,F3+F4,현장상업형,0
브라운아이즈,2018,,0.0826,0.0293,0.8817,0.0032,0.0032,F1+F3,집단동원형,0
브라운아이즈,2020,,0.1209,0.0452,0.4292,0.3999,0.0048,F3+F4,현장상업형,0
브라운아이즈,2021,,0.0043,0.0043,0.9828,0.0043,0.0043,F3+F4,현장상업형,0
브라운아이즈,2023,,0.0068,0.0068,0.8599,0.1198,0.0068,F3+F4,현장상업형,0
브라운아이즈,2024,,0.0083,0.0083,0.6554,0.0083,0.3196,F3+F5,글로벌투어형,0
브라운아이즈,2025,,0.0496,0.0481,0.8446,0.0055,0.0522,F3+F5,글로벌투어형,1
비비,2019,,0.0045,0.0045,0.9821,0.0045,0.0045,F1+F3,집단동원형,0
비비,2020,,0.0208,0.2783,0.6592,0.0208,0.0208,F2+F3,원정소비형,0
비비,2021,,0.0085,0.0085,0.4423,0.4925,0.0482,F3+F4,현장상업형,0
비비,2022,,0.1504,0.1873,0.4317,0.2009,0.0296,F3+F4,현장상업형,0
비비,2023,,0.0085,0.1686,0.7378,0.0085,0.0766,F2+F3,원정소비형,0
비비,2024,,0.0484,0.0666,0.3573,0.3362,0.1914,F3+F4,현장상업형,1
비비,2025,,0.0469,0.0572,0.5233,0.1515,0.2212,F3+F5,글로벌투어형,1
비비,2026,,0.0136,0.1173,0.6942,0.1332,0.0417,F3+F4,현장상업형,1
빅마마,2020,,0.0078,0.0078,0.0313,0.9453,0.0078,F3+F4,현장상업형,0
빅마마,2021,,0.0104,0.0348,0.8001,0.1313,0.0233,F3+F4,현장상업형,1
빅마마,2022,,0.1729,0.0106,0.7841,0.0218,0.0106,F1+F3,집단동원형,1
빅마마,2023,,0.0087,0.0737,0.7754,0.0087,0.1336,F3+F5,글로벌투어형,1
빅마마,2024,,0.0116,0.2219,0.7063,0.0116,0.0486,F2+F3,원정소비형,0
빅마마,2025,,0.0114,0.0114,0.6207,0.3452,0.0114,F3+F4,현장상업형,0
빅뱅,2015,,0.134,0.0081,0.5519,0.1931,0.1129,F3+F4,현장상업형,0
빅뱅,2016,,0.0453,0.222,0.2358,0.3054,0.1915,F3+F4,현장상업형,1
빅뱅,2017,,0.05,0.1888,0.2526,0.3027,0.206,F3+F4,현장상업형,0
빅뱅,2018,,0.0997,0.0068,0.6894,0.0968,0.1073,F3+F5,글로벌투어형,0
빅뱅,2020,,0.0125,0.0125,0.95,0.0125,0.0125,F3+F4,현장상업형,0
빅뱅,2023,,0.0313,0.1197,0.4765,0.366,0.0065,F3+F4,현장상업형,0
빅뱅,2024,,0.0046,0.0046,0.9212,0.0649,0.0046,F3+F4,현장상업형,0
빅뱅,2025,,0.0085,0.0788,0.7779,0.0085,0.1264,F3+F5,글로벌투어형,1
빅뱅,2026,,0.0975,0.0522,0.5765,0.1282,0.1456,F3+F5,글로벌투어형,1
빈지노,2015,,0.1416,0.0079,0.7417,0.1008,0.0079,F1+F3,집단동원형,1
빈지노,2016,,0.1897,0.0084,0.4527,0.0795,0.2696,F3+F5,글로벌투어형,1
빈지노,2017,,0.0048,0.0048,0.566,0.0048,0.4196,F3+F5,글로벌투어형,0
빈지노,2019,,0.0066,0.0066,0.1951,0.7851,0.0066,F3+F4,현장상업형,0
빈지노,2020,,0.4234,0.0071,0.3256,0.1962,0.0478,F1+F3,집단동원형,0
빈지노,2021,,0.0066,0.0066,0.6965,0.102,0.1882,F3+F5,글로벌투어형,0
빈지노,2022,,0.2208,0.0081,0.472,0.2075,0.0916,F1+F3,집단동원형,0
빈지노,2023,,0.1248,0.0124,0.7366,0.0071,0.1191,F1+F3,집단동원형,1
빈지노,2024,,0.498,0.0072,0.4378,0.0498,0.0072,F1+F3,집단동원형,1
빈지노,2025,,0.0937,0.0072,0.7496,0.1422,0.0072,F3+F4,현장상업형,0
샤이니,2015,,0.2578,0.0326,0.5966,0.0611,0.0519,F1+F3,집단동원형,0
샤이니,2016,,0.2579,0.0094,0.5398,0.0094,0.1835,F1+F3,집단동원형,0
샤이니,2017,,0.0365,0.0501,0.8957,0.0088,0.0088,F2+F3,원정소비형,0
샤이니,2018,,0.0126,0.3905,0.2283,0.0126,0.3559,F2+F5,글로벌소비형,0
샤이니,2019,,0.0208,0.0208,0.9166,0.0209,0.0208,F3+F4,현장상업형,0
샤이니,2021,,0.1167,0.015,0.5184,0.0623,0.2875,F3+F5,글로벌투어형,1
샤이니,2023,,0.0701,0.082,0.832,0.008,0.008,F2+F3,원정소비형,0
샤이니,2024,,0.0795,0.008,0.7369,0.1677,0.008,F3+F4,현장상업형,1
샤이니,2025,,0.0302,0.0687,0.7965,0.0087,0.0961,F3+F5,글로벌투어형,1
샤이니,2026,,0.0898,0.0161,0.6185,0.1769,0.0987,F3+F4,현장상업형,1
성시경,2016,,0.3296,0.0096,0.0385,0.6126,0.0096,F1+F4,브랜드동반형,0
성시경,2017,,0.0911,0.0083,0.8838,0.0083,0.0083,F1+F3,집단동원형,0
성시경,2019,,0.0108,0.1358,0.5193,0.0108,0.3233,F3+F5,글로벌투어형,0
성시경,2020,,0.1772,0.0054,0.8065,0.0054,0.0054,F1+F3,집단동원형,0
성시경,2021,,0.0087,0.1799,0.6672,0.1356,0.0086,F2+F3,원정소비형,0
성시경,2022,,0.0623,0.0074,0.7368,0.1861,0.0074,F3+F4,현장상업형,0
성시경,2023,,0.0562,0.1167,0.4823,0.2582,0.0866,F3+F4,현장상업형,1
성시경,2024,,0.4619,0.3514,0.1374,0.0382,0.0112,F1+F2,핵심소비형,0
성시경,2025,,0.1021,0.0642,0.7319,0.0424,0.0594,F1+F3,집단동원형,1
성시경,2026,,0.0815,0.0617,0.5992,0.1888,0.0687,F3+F4,현장상업형,1
소녀시대,2015,,0.0113,0.3439,0.4342,0.0113,0.1993,F2+F3,원정소비형,0
소녀시대,2017,,0.1413,0.005,0.8436,0.005,0.005,F1+F3,집단동원형,0
소녀시대,2018,,0.0104,0.9271,0.0417,0.0104,0.0104,F2+F3,원정소비형,0
소녀시대,2020,,0.0066,0.0066,0.5643,0.4159,0.0066,F3+F4,현장상업형,0
소녀시대,2021,,0.0139,0.0139,0.0556,0.9028,0.0139,F3+F4,현장상업형,0
소녀시대,2022,,0.147,0.0069,0.584,0.1168,0.1453,F1+F3,집단동원형,1
소녀시대,2023,,0.0085,0.0085,0.9124,0.0622,0.0085,F3+F4,현장상업형,0
소녀시대,2024,,0.0439,0.1061,0.2933,0.44,0.1167,F3+F4,현장상업형,1
소녀시대,2025,,0.0057,0.0418,0.6903,0.0057,0.2565,F3+F5,글로벌투어형,0
소녀시대,2026,,0.0589,0.0073,0.8804,0.0109,0.0426,F1+F3,집단동원형,1
송가인,2019,,0.0233,0.0098,0.7361,0.2172,0.0136,F3+F4,현장상업형,1
송가인,2020,,0.3038,0.084,0.4092,0.1625,0.0405,F1+F3,집단동원형,1
송가인,2021,,0.1262,0.0655,0.6511,0.1432,0.014,F3+F4,현장상업형,1
송가인,2022,,0.0113,0.028,0.8611,0.0114,0.0882,F3+F5,글로벌투어형,0
송가인,2023,,0.3158,0.6554,0.0192,0.0048,0.0048,F1+F2,핵심소비형,0
송가인,2024,,0.3798,0.0107,0.4176,0.1812,0.0107,F1+F3,집단동원형,0
송가인,2025,,0.0304,0.0552,0.5948,0.2698,0.0499,F3+F4,현장상업형,1
송가인,2026,,0.0763,0.0348,0.7881,0.0496,0.0511,F1+F3,집단동원형,1
슈퍼주니어,2017,,0.0062,0.0062,0.7651,0.2162,0.0062,F3+F4,현장상업형,0
슈퍼주니어,2018,,0.125,0.3378,0.0556,0.0139,0.4678,F2+F5,글로벌소비형,0
슈퍼주니어,2020,,0.0093,0.3459,0.1804,0.1233,0.3412,F2+F5,글로벌소비형,0
슈퍼주니어,2021,,0.0377,0.0111,0.4821,0.4582,0.0111,F3+F4,현장상업형,0
슈퍼주니어,2023,,0.0097,0.1239,0.5062,0.2895,0.0707,F3+F4,현장상업형,1
슈퍼주니어,2024,,0.0082,0.0082,0.7205,0.2549,0.0082,F3+F4,현장상업형,0
슈퍼주니어,2025,,0.0822,0.0837,0.7077,0.0362,0.0902,F3+F5,글로벌투어형,1
슈퍼주니어,2026,,0.0189,0.0081,0.7818,0.1038,0.0874,F3+F4,현장상업형,1
싸이,2015,,0.087,0.006,0.3469,0.5033,0.0568,F3+F4,현장상업형,0
싸이,2017,,0.072,0.1167,0.3653,0.1727,0.2733,F3+F5,글로벌투어형,1
싸이,2018,,0.0066,0.0066,0.9146,0.0066,0.0656,F3+F5,글로벌투어형,0
싸이,2022,,0.0074,0.2574,0.508,0.0574,0.1698,F2+F3,원정소비형,0
싸이,2023,,0.0227,0.0082,0.4474,0.4119,0.11,F3+F4,현장상업형,1
싸이,2024,,0.0266,0.0522,0.8642,0.0492,0.0077,F2+F3,원정소비형,1
싸이,2025,,0.1323,0.0567,0.4783,0.2877,0.045,F3+F4,현장상업형,1
싸이,2026,,0.0326,0.0273,0.6728,0.1258,0.1416,F3+F5,글로벌투어형,1
아이오아이,2016,,0.1347,0.0651,0.2651,0.4538,0.0812,F3+F4,현장상업형,1
아이오아이,2017,,0.0105,0.0105,0.9314,0.0105,0.0372,F3+F5,글로벌투어형,0
아이오아이,2021,,0.0082,0.0938,0.6458,0.0973,0.1548,F3+F5,글로벌투어형,0
아이오아이,2023,,0.0042,0.0042,0.0703,0.9172,0.0042,F3+F4,현장상업형,0
아이오아이,2024,,0.005,0.047,0.3858,0.5572,0.005,F3+F4,현장상업형,0
아이오아이,2025,,0.0058,0.0572,0.8359,0.0953,0.0058,F3+F4,현장상업형,0
아이오아이,2026,,0.0201,0.0619,0.5854,0.1114,0.2213,F3+F5,글로벌투어형,1
아이유,2016,,0.0074,0.0074,0.9706,0.0074,0.0074,F2+F3,원정소비형,0
아이유,2017,,0.0039,0.0039,0.5827,0.4056,0.0039,F3+F4,현장상업형,0
아이유,2018,,0.0044,0.0044,0.7902,0.1966,0.0044,F3+F4,현장상업형,0
아이유,2019,,0.1167,0.0572,0.3488,0.1979,0.2794,F3+F5,글로벌투어형,0
아이유,2021,,0.0096,0.0096,0.3132,0.6579,0.0096,F3+F4,현장상업형,0
아이유,2022,,0.0104,0.2224,0.7463,0.0104,0.0104,F2+F3,원정소비형,0
아이유,2023,,0.2396,0.0371,0.2254,0.4909,0.0071,F1+F4,브랜드동반형,1
아이유,2024,,0.0136,0.0611,0.4474,0.3693,0.1086,F3+F4,현장상업형,1
아이유,2025,,0.0492,0.1759,0.2825,0.3776,0.1148,F3+F4,현장상업형,1
아이유,2026,,0.0163,0.1674,0.5498,0.1213,0.1452,F2+F3,원정소비형,1
아일릿,2023,,0.0089,0.0089,0.9643,0.0089,0.0089,F3+F4,현장상업형,0
아일릿,2024,,0.0247,0.1722,0.2695,0.2176,0.3161,F3+F5,글로벌투어형,1
아일릿,2025,,0.0226,0.1123,0.4284,0.3174,0.1193,F3+F4,현장상업형,1
아일릿,2026,,0.0315,0.0151,0.5728,0.2725,0.1081,F3+F4,현장상업형,1
악동뮤지션,2016,,0.0076,0.2253,0.605,0.0076,0.1545,F2+F3,원정소비형,0
악동뮤지션,2017,,0.3468,0.0069,0.6326,0.0069,0.0069,F1+F3,집단동원형,0
악동뮤지션,2018,,0.1559,0.0031,0.8349,0.0031,0.0031,F1+F3,집단동원형,0
악동뮤지션,2019,,0.0061,0.1074,0.2894,0.1029,0.4943,F3+F5,글로벌투어형,1
악동뮤지션,2021,,0.0039,0.0039,0.9844,0.0039,0.0039,F3+F4,현장상업형,0
악동뮤지션,2022,,0.0104,0.0104,0.9583,0.0104,0.0104,F2+F3,원정소비형,0
악동뮤지션,2023,,0.1048,0.2833,0.4453,0.1587,0.0079,F2+F3,원정소비형,0
악동뮤지션,2024,,0.0363,0.0339,0.8002,0.0561,0.0734,F3+F5,글로벌투어형,1
악동뮤지션,2025,,0.0297,0.0238,0.3454,0.3391,0.2621,F3+F4,현장상업형,1
악동뮤지션,2026,,0.0637,0.0879,0.4027,0.1256,0.3201,F3+F5,글로벌투어형,1
엄정화,2017,,0.2117,0.4116,0.3678,0.0045,0.0045,F2+F3,원정소비형,0
엄정화,2020,,0.0317,0.1141,0.6946,0.0077,0.1519,F3+F5,글로벌투어형,1
엄정화,2021,,0.0179,0.0179,0.724,0.2225,0.0179,F3+F4,현장상업형,0
엄정화,2023,,0.0821,0.0652,0.5503,0.2941,0.0084,F3+F4,현장상업형,1
엄정화,2024,,0.0304,0.186,0.4831,0.2208,0.0797,F3+F4,현장상업형,0
엄정화,2025,,0.0134,0.2968,0.4821,0.049,0.1587,F2+F3,원정소비형,0
엄정화,2026,,0.0076,0.1517,0.5869,0.2242,0.0296,F3+F4,현장상업형,1
에픽하이,2016,,0.006,0.006,0.9762,0.006,0.006,F3+F4,현장상업형,0
에픽하이,2019,,0.0072,0.0072,0.8034,0.0716,0.1106,F3+F5,글로벌투어형,1
에픽하이,2020,,0.2384,0.0038,0.7502,0.0038,0.0038,F1+F3,집단동원형,0
에픽하이,2021,,0.006,0.006,0.9762,0.006,0.006,F3+F5,글로벌투어형,0
에픽하이,2022,,0.049,0.0869,0.7501,0.0688,0.0452,F2+F3,원정소비형,1
에픽하이,2023,,0.0699,0.0107,0.8979,0.0108,0.0107,F1+F3,집단동원형,1
에픽하이,2024,,0.1323,0.3407,0.5122,0.0074,0.0074,F2+F3,원정소비형,0
에픽하이,2025,,0.0548,0.068,0.7367,0.0312,0.1093,F3+F5,글로벌투어형,1
에픽하이,2026,,0.0339,0.0219,0.8157,0.1089,0.0196,F3+F4,현장상업형,1
엔믹스,2015,,0.1684,0.0083,0.8066,0.0083,0.0083,F1+F3,집단동원형,0
엔믹스,2021,,0.0057,0.0057,0.7553,0.2277,0.0057,F3+F4,현장상업형,0
엔믹스,2022,,0.091,0.0106,0.5248,0.2941,0.0795,F3+F4,현장상업형,1
엔믹스,2023,,0.1607,0.1333,0.5407,0.1527,0.0126,F1+F3,집단동원형,1
엔믹스,2024,,0.0204,0.0317,0.2865,0.5709,0.0905,F3+F4,현장상업형,1
엔믹스,2025,,0.0556,0.1452,0.4317,0.1886,0.1789,F3+F4,현장상업형,1
엔믹스,2026,,0.1057,0.105,0.4808,0.2062,0.1022,F3+F4,현장상업형,1
여자친구,2015,,0.0153,0.0153,0.6355,0.3185,0.0153,F3+F4,현장상업형,1
여자친구,2016,,0.0736,0.1693,0.3878,0.2686,0.1007,F3+F4,현장상업형,1
여자친구,2017,,0.3447,0.0057,0.6383,0.0057,0.0057,F1+F3,집단동원형,0
여자친구,2018,,0.1441,0.4143,0.2362,0.0095,0.1959,F2+F3,원정소비형,1
여자친구,2019,,0.1439,0.0819,0.4794,0.1177,0.1771,F3+F5,글로벌투어형,1
여자친구,2020,,0.0077,0.2671,0.6823,0.0077,0.0351,F2+F3,원정소비형,0
여자친구,2021,,0.0072,0.083,0.8954,0.0072,0.0072,F2+F3,원정소비형,0
여자친구,2022,,0.005,0.005,0.9799,0.005,0.005,F3+F4,현장상업형,0
여자친구,2024,,0.0068,0.0068,0.9729,0.0068,0.0068,F3+F5,글로벌투어형,0
여자친구,2025,,0.007,0.0634,0.7917,0.0143,0.1236,F3+F5,글로벌투어형,1
여자친구,2026,,0.0321,0.0046,0.8003,0.108,0.0549,F3+F4,현장상업형,0
영탁,2020,,0.0805,0.1589,0.3824,0.3438,0.0344,F3+F4,현장상업형,1
영탁,2021,,0.07,0.1211,0.3253,0.4725,0.0111,F3+F4,현장상업형,0
영탁,2022,,0.082,0.3627,0.4018,0.0106,0.1428,F2+F3,원정소비형,1
영탁,2023,,0.04,0.1397,0.487,0.2716,0.0616,F3+F4,현장상업형,1
영탁,2024,,0.0783,0.0806,0.3998,0.3814,0.0599,F3+F4,현장상업형,1
영탁,2025,,0.0207,0.1259,0.6192,0.1484,0.0857,F3+F4,현장상업형,1
영탁,2026,,0.0355,0.0545,0.8053,0.0285,0.0761,F3+F5,글로벌투어형,1
오마이걸,2015,,0.0054,0.0054,0.9783,0.0054,0.0054,F3+F4,현장상업형,0
오마이걸,2016,,0.3183,0.2778,0.338,0.0088,0.0572,F1+F3,집단동원형,0
오마이걸,2017,,0.0063,0.0378,0.8183,0.1312,0.0063,F3+F4,현장상업형,1
오마이걸,2018,,0.2216,0.2071,0.5041,0.0076,0.0596,F1+F3,집단동원형,1
오마이걸,2019,,0.0215,0.2345,0.4322,0.1856,0.1262,F2+F3,원정소비형,1
오마이걸,2020,,0.1064,0.0978,0.392,0.3836,0.0202,F3+F4,현장상업형,1
오마이걸,2021,,0.038,0.1426,0.1973,0.5026,0.1195,F3+F4,현장상업형,1
오마이걸,2022,,0.0114,0.0329,0.715,0.2292,0.0114,F3+F4,현장상업형,0
오마이걸,2023,,0.0111,0.0469,0.4244,0.5065,0.0111,F3+F4,현장상업형,0
오마이걸,2024,,0.0058,0.0368,0.8841,0.0058,0.0675,F3+F5,글로벌투어형,1
오마이걸,2025,,0.0074,0.0243,0.8584,0.0879,0.022,F3+F4,현장상업형,1
오마이걸,2026,,0.0057,0.022,0.7879,0.1787,0.0057,F3+F4,현장상업형,1
워너원,2017,,0.0341,0.1687,0.2949,0.3882,0.1141,F3+F4,현장상업형,1
워너원,2018,,0.1055,0.161,0.3694,0.213,0.1511,F3+F4,현장상업형,1
워너원,2019,,0.008,0.0963,0.5316,0.0998,0.2643,F3+F5,글로벌투어형,1
워너원,2021,,0.0566,0.0661,0.8621,0.0076,0.0076,F2+F3,원정소비형,0
워너원,2022,,0.0699,0.0603,0.8152,0.0101,0.0444,F1+F3,집단동원형,0
워너원,2024,,0.448,0.0045,0.5386,0.0045,0.0045,F1+F3,집단동원형,0
워너원,2025,,0.0051,0.0505,0.6581,0.1976,0.0886,F3+F4,현장상업형,0
워너원,2026,,0.025,0.0883,0.7214,0.1308,0.0345,F3+F4,현장상업형,1
윤도현,2015,,0.0068,0.1252,0.7161,0.0068,0.1452,F3+F5,글로벌투어형,0
윤도현,2016,,0.3618,0.0083,0.6132,0.0083,0.0083,F1+F3,집단동원형,0
윤도현,2018,,0.007,0.0225,0.9565,0.007,0.007,F2+F3,원정소비형,0
윤도현,2020,,0.0552,0.1209,0.5818,0.2343,0.0078,F3+F4,현장상업형,1
윤도현,2021,,0.0042,0.0372,0.9352,0.0191,0.0042,F2+F3,원정소비형,0
윤도현,2022,,0.0075,0.0508,0.2706,0.6637,0.0075,F3+F4,현장상업형,0
윤도현,2024,,0.0075,0.0075,0.9701,0.0075,0.0075,F3+F4,현장상업형,0
윤도현,2025,,0.0965,0.0346,0.7037,0.1128,0.0524,F3+F4,현장상업형,1
윤도현,2026,,0.006,0.0198,0.882,0.053,0.0392,F3+F4,현장상업형,1
윤하,2015,,0.3292,0.0125,0.5121,0.0125,0.1336,F1+F3,집단동원형,0
윤하,2019,,0.0092,0.0092,0.7838,0.0092,0.1887,F3+F5,글로벌투어형,0
윤하,2020,,0.0056,0.3802,0.1802,0.0056,0.4285,F2+F5,글로벌소비형,0
윤하,2021,,0.0661,0.0054,0.5924,0.0054,0.3307,F3+F5,글로벌투어형,0
윤하,2022,,0.145,0.0105,0.1832,0.0903,0.5709,F3+F5,글로벌투어형,0
윤하,2023,,0.2293,0.1525,0.52,0.0824,0.0158,F1+F3,집단동원형,1
윤하,2024,,0.048,0.0638,0.8029,0.0373,0.048,F2+F3,원정소비형,1
윤하,2025,,0.0099,0.0783,0.8742,0.0276,0.0099,F2+F3,원정소비형,1
윤하,2026,,0.1876,0.0073,0.6072,0.1907,0.0073,F3+F4,현장상업형,0
이문세,2015,,0.0055,0.0536,0.7959,0.1396,0.0055,F3+F4,현장상업형,0
이문세,2017,,0.0873,0.0058,0.8193,0.0058,0.0819,F1+F3,집단동원형,0
이문세,2018,,0.2623,0.1594,0.4556,0.0465,0.0762,F1+F3,집단동원형,0
이문세,2019,,0.0062,0.0971,0.8842,0.0062,0.0062,F2+F3,원정소비형,0
이문세,2020,,0.006,0.2129,0.5716,0.006,0.2036,F2+F3,원정소비형,0
이문세,2022,,0.0101,0.0101,0.0403,0.9295,0.0101,F3+F4,현장상업형,0
이문세,2024,,0.1471,0.2695,0.4296,0.1009,0.0529,F2+F3,원정소비형,1
이문세,2025,,0.1497,0.0334,0.7626,0.0484,0.006,F1+F3,집단동원형,1
이문세,2026,,0.0091,0.0582,0.9147,0.009,0.009,F2+F3,원정소비형,0
이승철,2015,,0.544,0.0074,0.0295,0.0074,0.4119,F1+F5,글로벌결속형,0
이승철,2016,,0.0083,0.1505,0.8246,0.0083,0.0083,F2+F3,원정소비형,0
이승철,2020,,0.0113,0.1835,0.4256,0.3682,0.0113,F3+F4,현장상업형,0
이승철,2021,,0.0057,0.0057,0.8597,0.1233,0.0057,F3+F4,현장상업형,0
이승철,2022,,0.121,0.1125,0.7415,0.0125,0.0125,F1+F3,집단동원형,0
이승철,2024,,0.0087,0.2368,0.5997,0.0087,0.1461,F2+F3,원정소비형,0
이승철,2025,,0.0097,0.0936,0.7794,0.0097,0.1076,F3+F5,글로벌투어형,1
이승철,2026,,0.0372,0.0564,0.6767,0.1374,0.0922,F3+F4,현장상업형,1
이영지,2020,,0.112,0.0101,0.5973,0.2705,0.0101,F3+F4,현장상업형,0
이영지,2021,,0.0114,0.0114,0.3727,0.5932,0.0114,F3+F4,현장상업형,0
이영지,2022,,0.0712,0.0215,0.4682,0.3138,0.1253,F3+F4,현장상업형,1
이영지,2023,,0.1722,0.0076,0.5875,0.1909,0.0418,F3+F4,현장상업형,1
이영지,2024,,0.0815,0.0412,0.3648,0.1567,0.3558,F3+F5,글로벌투어형,1
이영지,2025,,0.0569,0.0222,0.3137,0.5691,0.038,F3+F4,현장상업형,1
이영지,2026,,0.044,0.0086,0.619,0.2693,0.0591,F3+F4,현장상업형,1
이찬원,2020,,0.0118,0.1333,0.4201,0.3913,0.0435,F3+F4,현장상업형,0
이찬원,2021,,0.2567,0.0107,0.2869,0.3669,0.0789,F3+F4,현장상업형,0
이찬원,2022,,0.0906,0.148,0.4672,0.2271,0.0671,F3+F4,현장상업형,1
이찬원,2023,,0.1104,0.1653,0.2222,0.416,0.0861,F3+F4,현장상업형,0
이찬원,2024,,0.0971,0.1671,0.392,0.1824,0.1614,F3+F4,현장상업형,1
이찬원,2025,,0.0862,0.2983,0.2794,0.289,0.0471,F2+F4,소비상업형,1
이찬원,2026,,0.0423,0.0539,0.6577,0.17,0.0762,F3+F4,현장상업형,1
이효리,2018,,0.3715,0.0089,0.3277,0.283,0.0089,F1+F3,집단동원형,0
이효리,2020,,0.0329,0.0883,0.6346,0.0551,0.189,F3+F5,글로벌투어형,1
이효리,2021,,0.4538,0.0139,0.0556,0.4628,0.0139,F1+F4,브랜드동반형,0
이효리,2022,,0.0083,0.0083,0.4297,0.5453,0.0083,F3+F4,현장상업형,0
이효리,2023,,0.035,0.0287,0.264,0.6052,0.067,F3+F4,현장상업형,1
이효리,2024,,0.0574,0.0873,0.3017,0.5192,0.0344,F3+F4,현장상업형,1
이효리,2025,,0.1059,0.1557,0.4729,0.197,0.0684,F3+F4,현장상업형,1
이효리,2026,,0.0105,0.0105,0.9415,0.0105,0.0269,F3+F5,글로벌투어형,1
임영웅,2020,,0.0146,0.2562,0.34,0.3815,0.0077,F3+F4,현장상업형,1
임영웅,2021,,0.0078,0.1286,0.257,0.5987,0.0078,F3+F4,현장상업형,0
임영웅,2022,,0.0964,0.1911,0.196,0.3945,0.122,F3+F4,현장상업형,1
임영웅,2023,,0.184,0.0405,0.3601,0.407,0.0084,F3+F4,현장상업형,0
임영웅,2024,,0.0189,0.0683,0.3035,0.5043,0.105,F3+F4,현장상업형,1
임영웅,2025,,0.0737,0.0896,0.4791,0.3062,0.0514,F3+F4,현장상업형,1
임영웅,2026,,0.0792,0.1395,0.417,0.186,0.1782,F3+F4,현장상업형,1
잔나비,2015,,0.0096,0.0096,0.6191,0.0096,0.352,F3+F5,글로벌투어형,0
잔나비,2018,,0.1317,0.0066,0.8486,0.0066,0.0066,F1+F3,집단동원형,0
잔나비,2019,,0.1379,0.0107,0.7528,0.0107,0.0879,F1+F3,집단동원형,1
잔나비,2020,,0.3567,0.0082,0.5704,0.0082,0.0565,F1+F3,집단동원형,0
잔나비,2021,,0.1892,0.3444,0.317,0.0063,0.1431,F2+F3,원정소비형,0
잔나비,2022,,0.009,0.0896,0.7118,0.0197,0.17,F3+F5,글로벌투어형,1
잔나비,2023,,0.1441,0.0486,0.6015,0.1962,0.0096,F3+F4,현장상업형,1
잔나비,2024,,0.0479,0.0061,0.6293,0.3105,0.0061,F3+F4,현장상업형,0
잔나비,2025,,0.0403,0.0607,0.8049,0.0693,0.0248,F3+F4,현장상업형,1
잔나비,2026,,0.0479,0.0325,0.786,0.0527,0.0809,F3+F5,글로벌투어형,1
장윤정,2017,,0.0139,0.0139,0.0557,0.9026,0.0139,F3+F4,현장상업형,0
장윤정,2019,,0.0689,0.0516,0.8663,0.0066,0.0066,F1+F3,집단동원형,0
장윤정,2020,,0.8541,0.0208,0.0834,0.0208,0.0208,F1+F3,집단동원형,0
장윤정,2021,,0.0104,0.0104,0.6376,0.0104,0.3311,F3+F5,글로벌투어형,0
장윤정,2022,,0.0139,0.0139,0.3012,0.6571,0.0139,F3+F4,현장상업형,0
장윤정,2023,,0.0107,0.0607,0.7904,0.1274,0.0107,F3+F4,현장상업형,0
장윤정,2024,,0.1273,0.0586,0.7446,0.011,0.0586,F1+F3,집단동원형,1
장윤정,2025,,0.0089,0.2586,0.6449,0.019,0.0686,F2+F3,원정소비형,1
장윤정,2026,,0.0081,0.0259,0.7777,0.1007,0.0876,F3+F4,현장상업형,1
잭스키스,2016,,0.1171,0.058,0.6192,0.069,0.1366,F3+F5,글로벌투어형,1
잭스키스,2017,,0.0973,0.1567,0.6104,0.0397,0.0958,F2+F3,원정소비형,1
잭스키스,2018,,0.4798,0.4743,0.0306,0.0076,0.0076,F1+F2,핵심소비형,0
잭스키스,2019,,0.0066,0.0066,0.9737,0.0066,0.0066,F3+F5,글로벌투어형,0
잭스키스,2025,,0.0059,0.0059,0.8896,0.076,0.0226,F3+F4,현장상업형,0
정동원,2019,,0.0851,0.0469,0.8409,0.0136,0.0136,F1+F3,집단동원형,0
정동원,2020,,0.3533,0.0651,0.3671,0.1619,0.0525,F1+F3,집단동원형,1
정동원,2021,,0.0359,0.1473,0.7504,0.056,0.0104,F2+F3,원정소비형,1
정동원,2022,,0.0093,0.1318,0.6716,0.156,0.0314,F3+F4,현장상업형,0
정동원,2023,,0.9416,0.0083,0.0334,0.0083,0.0083,F1+F3,집단동원형,0
정동원,2024,,0.0556,0.3162,0.4018,0.1714,0.0551,F2+F3,원정소비형,1
정동원,2025,,0.0093,0.1136,0.4512,0.1016,0.3243,F3+F5,글로벌투어형,1
정동원,2026,,0.0391,0.0339,0.7829,0.1216,0.0225,F3+F4,현장상업형,1
조용필,2018,,0.0078,0.0078,0.9687,0.0078,0.0078,F1+F3,집단동원형,0
조용필,2021,,0.0125,0.0125,0.95,0.0125,0.0125,F3+F4,현장상업형,0
조용필,2024,,0.0093,0.2708,0.5925,0.0093,0.1181,F2+F3,원정소비형,1
조용필,2025,,0.1961,0.1549,0.5246,0.0087,0.1157,F1+F3,집단동원형,1
조용필,2026,,0.0434,0.1823,0.5139,0.0484,0.212,F3+F5,글로벌투어형,1
지드래곤 (G-Dragon),2015,,0.0125,0.0125,0.95,0.0125,0.0125,F3+F4,현장상업형,0
지드래곤 (G-Dragon),2016,,0.0176,0.007,0.5934,0.3687,0.0133,F3+F4,현장상업형,1
지드래곤 (G-Dragon),2017,,0.0539,0.0398,0.4775,0.1534,0.2754,F3+F5,글로벌투어형,1
지드래곤 (G-Dragon),2023,,0.0096,0.0096,0.6117,0.3596,0.0096,F3+F4,현장상업형,0
지드래곤 (G-Dragon),2024,,0.0788,0.0239,0.8835,0.0069,0.0069,F1+F3,집단동원형,0
지드래곤 (G-Dragon),2025,,0.1176,0.0449,0.5947,0.1801,0.0628,F3+F4,현장상업형,1
지드래곤 (G-Dragon),2026,,0.0601,0.0062,0.5782,0.3418,0.0137,F3+F4,현장상업형,1
지코,2015,,0.115,0.0182,0.4007,0.0182,0.4478,F3+F5,글로벌투어형,0
지코,2016,,0.119,0.0089,0.4759,0.3873,0.0089,F3+F4,현장상업형,1
지코,2018,,0.0083,0.0083,0.5,0.475,0.0083,F3+F4,현장상업형,0
지코,2019,,0.0098,0.0098,0.4873,0.315,0.1781,F3+F4,현장상업형,1
지코,2020,,0.0084,0.0405,0.627,0.2088,0.1153,F3+F4,현장상업형,1
지코,2022,,0.086,0.0112,0.5297,0.3499,0.0231,F3+F4,현장상업형,1
지코,2023,,0.0092,0.0092,0.4912,0.4103,0.0802,F3+F4,현장상업형,0
지코,2024,,0.0716,0.0192,0.3887,0.2974,0.2231,F3+F4,현장상업형,1
지코,2025,,0.0533,0.0093,0.5801,0.2096,0.1476,F3+F4,현장상업형,0
지코,2026,,0.0069,0.0069,0.865,0.0868,0.0343,F3+F4,현장상업형,1
청하,2016,,0.025,0.025,0.9,0.025,0.025,F2+F3,원정소비형,0
청하,2017,,0.1458,0.149,0.4059,0.2864,0.0129,F3+F4,현장상업형,0
청하,2019,,0.0487,0.1014,0.3578,0.3812,0.1109,F3+F4,현장상업형,1
청하,2020,,0.0385,0.1271,0.4693,0.2697,0.0954,F3+F4,현장상업형,1
청하,2021,,0.0817,0.009,0.5098,0.3905,0.009,F3+F4,현장상업형,0
청하,2022,,0.0022,0.8319,0.1614,0.0022,0.0022,F2+F3,원정소비형,0
청하,2023,,0.0274,0.225,0.509,0.2323,0.0064,F3+F4,현장상업형,1
청하,2024,,0.011,0.0891,0.2628,0.5797,0.0574,F3+F4,현장상업형,1
청하,2025,,0.0423,0.0255,0.8348,0.0279,0.0695,F3+F5,글로벌투어형,1
청하,2026,,0.0293,0.0809,0.5817,0.018,0.2901,F3+F5,글로벌투어형,1
최예나,2020,,0.007,0.007,0.9722,0.0069,0.007,F1+F3,집단동원형,0
최예나,2021,,0.0094,0.0094,0.8412,0.1307,0.0094,F3+F4,현장상업형,0
최예나,2022,,0.0102,0.0193,0.5083,0.161,0.3012,F3+F5,글로벌투어형,1
최예나,2023,,0.0341,0.0837,0.3098,0.5122,0.0601,F3+F4,현장상업형,1
최예나,2024,,0.0147,0.0147,0.727,0.229,0.0147,F3+F4,현장상업형,0
최예나,2025,,0.1271,0.1036,0.6295,0.0693,0.0706,F1+F3,집단동원형,1
최예나,2026,,0.0432,0.0778,0.5967,0.2214,0.0608,F3+F4,현장상업형,1
츄,2015,,0.0698,0.293,0.6258,0.0057,0.0057,F2+F3,원정소비형,0
츄,2020,,0.5786,0.0139,0.0556,0.338,0.0139,F1+F4,브랜드동반형,0
츄,2021,,0.0859,0.0401,0.3491,0.5132,0.0117,F3+F4,현장상업형,1
츄,2022,,0.0649,0.1197,0.3978,0.3352,0.0823,F3+F4,현장상업형,1
츄,2023,,0.0551,0.0354,0.4137,0.4509,0.0449,F3+F4,현장상업형,1
츄,2024,,0.01,0.065,0.4114,0.4023,0.1113,F3+F4,현장상업형,1
츄,2025,,0.0339,0.0605,0.5925,0.249,0.064,F3+F4,현장상업형,1
츄,2026,,0.1089,0.1681,0.3754,0.1022,0.2453,F3+F5,글로벌투어형,1
카더가든,2017,,0.0139,0.0139,0.9444,0.0139,0.0139,F1+F3,집단동원형,0
카더가든,2019,,0.0684,0.0842,0.7134,0.0106,0.1235,F3+F5,글로벌투어형,1
카더가든,2021,,0.0114,0.0114,0.9545,0.0114,0.0114,F3+F5,글로벌투어형,0
카더가든,2023,,0.0138,0.1292,0.6379,0.0137,0.2055,F3+F5,글로벌투어형,0
카더가든,2024,,0.0089,0.0089,0.5578,0.4156,0.0089,F3+F4,현장상업형,0
카더가든,2025,,0.0829,0.0444,0.6191,0.1921,0.0615,F3+F4,현장상업형,1
카더가든,2026,,0.0717,0.1469,0.4414,0.1835,0.1565,F3+F4,현장상업형,1
케이윌,2015,,0.0082,0.0081,0.6186,0.1769,0.1882,F3+F5,글로벌투어형,0
케이윌,2016,,0.0054,0.4373,0.4267,0.0054,0.1251,F2+F3,원정소비형,0
케이윌,2017,,0.0046,0.0046,0.9815,0.0046,0.0046,F3+F4,현장상업형,0
케이윌,2018,,0.006,0.006,0.831,0.006,0.1511,F3+F5,글로벌투어형,0
케이윌,2019,,0.0078,0.0078,0.9687,0.0078,0.0078,F3+F4,현장상업형,0
케이윌,2021,,0.0115,0.2181,0.544,0.0115,0.2149,F2+F3,원정소비형,0
케이윌,2022,,0.0104,0.5033,0.1248,0.0104,0.351,F2+F5,글로벌소비형,0
케이윌,2023,,0.0094,0.0094,0.9083,0.0636,0.0094,F3+F4,현장상업형,0
케이윌,2024,,0.0858,0.0266,0.3563,0.0045,0.5267,F3+F5,글로벌투어형,0
케이윌,2025,,0.0768,0.1213,0.6751,0.0101,0.1166,F2+F3,원정소비형,1
케이윌,2026,,0.0078,0.0501,0.8678,0.0078,0.0666,F3+F5,글로벌투어형,0
투어스(TWS),2024,,0.0177,0.6157,0.1684,0.0129,0.1853,F2+F5,글로벌소비형,1
투어스(TWS),2025,,0.0413,0.6082,0.1015,0.0065,0.2425,F2+F5,글로벌소비형,1
투어스(TWS),2026,,0.0702,0.4856,0.1344,0.0185,0.2913,F2+F5,글로벌소비형,1
프로미스나인,2017,,0.0977,0.0096,0.4781,0.3405,0.074,F3+F4,현장상업형,0
프로미스나인,2018,,0.3131,0.0467,0.3998,0.01,0.2304,F1+F3,집단동원형,0
프로미스나인,2019,,0.0139,0.0139,0.2851,0.0139,0.6732,F3+F5,글로벌투어형,0
프로미스나인,2020,,0.0139,0.0139,0.334,0.0139,0.6243,F3+F5,글로벌투어형,0
프로미스나인,2021,,0.0078,0.0078,0.3577,0.335,0.2916,F3+F4,현장상업형,0
프로미스나인,2022,,0.0652,0.1245,0.3571,0.1458,0.3073,F3+F5,글로벌투어형,1
프로미스나인,2023,,0.0118,0.0118,0.903,0.0118,0.0616,F3+F5,글로벌투어형,0
프로미스나인,2024,,0.0097,0.127,0.4622,0.2979,0.1032,F3+F4,현장상업형,1
프로미스나인,2025,,0.0159,0.0953,0.6225,0.0705,0.1958,F3+F5,글로벌투어형,1
프로미스나인,2026,,0.0166,0.0592,0.7076,0.0801,0.1365,F3+F5,글로벌투어형,1
