fandom,F1,F2,F3,F4,F5,top2,persona,pc1,pc2,persona_html
BTS,0.0783,0.1455,0.5119,0.0636,0.2008,F3|F5,글로벌투어형,0.11548,0.05645,글로벌투어형
TWICE,0.0713,0.189,0.3972,0.0906,0.252,F3|F5,글로벌투어형,-0.00778,0.11209,글로벌투어형
임영웅,0.2017,0.1481,0.3627,0.1202,0.1673,F1|F3,집단동원형,-0.04192,0.02218,집단동원형
Stray Kids,0.1483,0.1599,0.4145,0.0798,0.1975,F3|F5,글로벌투어형,0.01873,0.06259,글로벌투어형
BLACKPINK,0.0612,0.3096,0.3216,0.1231,0.1846,F2|F3,원정소비형,-0.1099,0.07208,원정소비형
SEVENTEEN,0.1042,0.1735,0.3539,0.1285,0.2399,F3|F5,글로벌투어형,-0.05945,0.08652,글로벌투어형
지드래곤 (G-Dragon),0.0817,0.0592,0.6261,0.0957,0.1373,F3|F5,글로벌투어형,0.22159,-0.0467,글로벌투어형
NCT,0.126,0.1558,0.4238,0.1002,0.1941,F3|F5,글로벌투어형,0.01934,0.04755,글로벌투어형
CORTIS,0.0748,0.0708,0.4431,0.0444,0.3669,F3|F5,글로벌투어형,0.07202,0.20438,글로벌투어형
aespa,0.0555,0.1512,0.4148,0.1808,0.1978,F3|F5,글로벌투어형,-0.0218,0.01167,글로벌투어형
NewJeans,0.0635,0.3079,0.3642,0.0794,0.185,F2|F3,원정소비형,-0.05304,0.08732,원정소비형
RIIZE,0.1515,0.1493,0.4572,0.0708,0.1712,F3|F5,글로벌투어형,0.0633,0.0362,글로벌투어형
ATEEZ,0.1159,0.1938,0.3716,0.1052,0.2134,F3|F5,글로벌투어형,-0.03694,0.07645,글로벌투어형
레드벨벳,0.08,0.162,0.5804,0.0925,0.0852,F2|F3,원정소비형,0.16421,-0.06381,원정소비형
아이유,0.145,0.2171,0.3473,0.0967,0.1939,F2|F3,원정소비형,-0.05904,0.0718,원정소비형
싸이,0.1132,0.1513,0.4416,0.0839,0.2099,F3|F5,글로벌투어형,0.04265,0.06566,글로벌투어형
GOT7,0.0977,0.026,0.4705,0.0803,0.3255,F3|F5,글로벌투어형,0.09059,0.1388,글로벌투어형
워너원,0.1202,0.1603,0.4628,0.0996,0.1571,F2|F3,원정소비형,0.05453,0.01125,원정소비형
LE SSERAFIM,0.0647,0.2052,0.4428,0.0777,0.2096,F3|F5,글로벌투어형,0.03647,0.07844,글로벌투어형
이영지,0.1156,0.0577,0.5792,0.0988,0.1486,F3|F5,글로벌투어형,0.17825,-0.03197,글로벌투어형
EXO,0.0695,0.1661,0.3973,0.2176,0.1494,F3|F4,현장상업형,-0.05465,-0.04254,현장상업형
DAY6,0.0979,0.1124,0.548,0.1487,0.0929,F3|F4,현장상업형,0.12047,-0.08936,현장상업형
아일릿,0.0688,0.1498,0.3227,0.0598,0.3989,F3|F5,글로벌투어형,-0.05759,0.25675,글로벌투어형
영탁,0.1373,0.1597,0.4225,0.2068,0.0737,F3|F4,현장상업형,-0.02477,-0.10712,현장상업형
(여자)아이들,0.1023,0.1456,0.3863,0.1418,0.224,F3|F5,글로벌투어형,-0.03052,0.05637,글로벌투어형
BABYMONSTER,0.0831,0.1933,0.3466,0.1555,0.2215,F3|F5,글로벌투어형,-0.08056,0.0623,글로벌투어형
송가인,0.1456,0.0941,0.5475,0.1348,0.078,F1|F3,집단동원형,0.12951,-0.09874,집단동원형
엔믹스,0.0741,0.1453,0.5022,0.1203,0.1581,F3|F5,글로벌투어형,0.08392,-0.0066,글로벌투어형
IKON,0.0464,0.1926,0.4449,0.1477,0.1683,F2|F3,원정소비형,0.01215,0.00601,원정소비형
박재범,0.0588,0.1384,0.5888,0.1088,0.1051,F2|F3,원정소비형,0.16882,-0.06037,원정소비형
지코,0.0745,0.0327,0.4665,0.0845,0.3418,F3|F5,글로벌투어형,0.08368,0.15258,글로벌투어형
리센느(RESCENE),0.105,0.0876,0.469,0.0895,0.2489,F3|F5,글로벌투어형,0.07571,0.08038,글로벌투어형
김호중,0.2413,0.1804,0.2232,0.2175,0.1376,F1|F3,집단동원형,-0.2132,-0.02459,집단동원형
아이오아이,0.1638,0.1433,0.3869,0.0914,0.2146,F3|F5,글로벌투어형,-0.00822,0.07247,글로벌투어형
최예나,0.1204,0.1696,0.4523,0.1109,0.1468,F2|F3,원정소비형,0.03888,0.00015,원정소비형
BTOB,0.0894,0.169,0.4139,0.1775,0.1501,F3|F4,현장상업형,-0.02347,-0.02416,현장상업형
god,0.1719,0.1298,0.4567,0.1418,0.0998,F1|F3,집단동원형,0.03811,-0.06349,집단동원형
이찬원,0.2291,0.1678,0.3521,0.1672,0.0837,F1|F3,집단동원형,-0.07301,-0.06735,집단동원형
소녀시대,0.0654,0.273,0.3567,0.0939,0.211,F2|F3,원정소비형,-0.06001,0.09704,원정소비형
빅뱅,0.0532,0.2094,0.5235,0.1197,0.0942,F2|F3,원정소비형,0.09289,-0.05216,원정소비형
박서진,0.2653,0.019,0.5297,0.1283,0.0577,F1|F3,집단동원형,0.13041,-0.12457,집단동원형
CNBLUE,0.0463,0.2066,0.3855,0.1465,0.2151,F3|F5,글로벌투어형,-0.04418,0.05806,글로벌투어형
정동원,0.1997,0.1208,0.4084,0.1506,0.1205,F1|F3,집단동원형,-0.0077,-0.0447,집단동원형
프로미스나인,0.0456,0.1355,0.4047,0.15,0.2642,F3|F5,글로벌투어형,-0.01644,0.08228,글로벌투어형
샤이니,0.1017,0.0658,0.6011,0.067,0.1644,F3|F5,글로벌투어형,0.20943,-0.00449,글로벌투어형
오마이걸,0.1617,0.1359,0.4064,0.183,0.1131,F3|F4,현장상업형,-0.0257,-0.06379,현장상업형
A-pink,0.1404,0.1335,0.4363,0.1566,0.1333,F3|F4,현장상업형,0.01222,-0.03832,현장상업형
마마무,0.1199,0.1522,0.4065,0.1284,0.1931,F3|F5,글로벌투어형,-0.00735,0.0347,글로벌투어형
동방신기,0.1263,0.1975,0.3845,0.0845,0.2073,F3|F5,글로벌투어형,-0.01725,0.08016,글로벌투어형
로이킴,0.1803,0.0813,0.3986,0.1865,0.1533,F3|F4,현장상업형,-0.02502,-0.04016,현장상업형
Hearts2Hearts,0.1176,0.1963,0.3677,0.0894,0.229,F3|F5,글로벌투어형,-0.0346,0.09861,글로벌투어형
권은비,0.1038,0.1782,0.4737,0.1123,0.132,F2|F3,원정소비형,0.05623,-0.01473,원정소비형
성시경,0.1853,0.158,0.4293,0.1634,0.064,F1|F3,집단동원형,5e-05,-0.0955,집단동원형
슈퍼주니어,0.0836,0.2361,0.4526,0.1234,0.1044,F2|F3,원정소비형,0.02262,-0.02987,원정소비형
츄,0.1369,0.1573,0.4338,0.1647,0.1073,F3|F4,현장상업형,0.00278,-0.05975,현장상업형
Crush,0.0533,0.1375,0.4012,0.2053,0.2028,F3|F4,현장상업형,-0.04188,0.00335,현장상업형
QWER,0.0983,0.1564,0.4548,0.0655,0.2251,F3|F5,글로벌투어형,0.06095,0.08675,글로벌투어형
여자친구,0.0704,0.1764,0.49,0.1268,0.1365,F2|F3,원정소비형,0.065,-0.02069,원정소비형
ITZY,0.0536,0.2147,0.4374,0.0707,0.2236,F3|F5,글로벌투어형,0.03253,0.09647,글로벌투어형
나훈아,0.0553,0.1968,0.5377,0.114,0.0961,F2|F3,원정소비형,0.11029,-0.05218,원정소비형
STAYC,0.0772,0.1345,0.4651,0.1401,0.183,F3|F5,글로벌투어형,0.04379,0.00844,글로벌투어형
다비치,0.0792,0.1097,0.3411,0.2801,0.19,F3|F4,현장상업형,-0.12184,-0.04079,현장상업형
악동뮤지션,0.0662,0.1356,0.3699,0.1887,0.2396,F3|F5,글로벌투어형,-0.06341,0.04728,글로벌투어형
IVE,0.1278,0.2523,0.3267,0.0694,0.2238,F2|F3,원정소비형,-0.07313,0.12049,원정소비형
10CM,0.1195,0.1209,0.3771,0.1026,0.2798,F3|F5,글로벌투어형,-0.01897,0.12016,글로벌투어형
김재중,0.1341,0.0309,0.4949,0.0975,0.2427,F3|F5,글로벌투어형,0.10609,0.05665,글로벌투어형
HOT,0.0611,0.1836,0.4463,0.1028,0.2062,F3|F5,글로벌투어형,0.0331,0.05864,글로벌투어형
이효리,0.0886,0.1455,0.4549,0.1895,0.1216,F3|F4,현장상업형,0.01316,-0.06493,현장상업형
보아,0.1084,0.1421,0.3354,0.2218,0.1922,F3|F4,현장상업형,-0.10845,-0.00337,현장상업형
에픽하이,0.093,0.0662,0.5744,0.1045,0.1619,F3|F5,글로벌투어형,0.16972,-0.02105,글로벌투어형
청하,0.1738,0.1473,0.3509,0.1388,0.1893,F3|F5,글로벌투어형,-0.06062,0.03351,글로벌투어형
윤하,0.1131,0.104,0.358,0.1537,0.2712,F3|F5,글로벌투어형,-0.05428,0.08732,글로벌투어형
케이윌,0.1305,0.1538,0.326,0.2793,0.1103,F3|F4,현장상업형,-0.14145,-0.09828,현장상업형
조용필,0.0563,0.1996,0.3452,0.1573,0.2416,F3|F5,글로벌투어형,-0.08414,0.08006,글로벌투어형
잭스키스,0.2167,0.1831,0.3399,0.1774,0.0829,F1|F3,집단동원형,-0.09102,-0.06838,집단동원형
박정현,0.0521,0.1032,0.3054,0.3799,0.1594,F3|F4,현장상업형,-0.19391,-0.11197,현장상업형
김연자,0.0661,0.178,0.4125,0.204,0.1394,F3|F4,현장상업형,-0.03728,-0.04443,현장상업형
빅마마,0.0959,0.0964,0.3374,0.1864,0.2839,F3|F5,글로벌투어형,-0.08536,0.08377,글로벌투어형
볼빨간사춘기,0.1272,0.1925,0.2838,0.2042,0.1923,F3|F4,현장상업형,-0.15659,0.02236,현장상업형
엄정화,0.0698,0.1172,0.46,0.1798,0.1733,F3|F4,현장상업형,0.02591,-0.02188,현장상업형
FTISLAND,0.0941,0.2312,0.3148,0.1893,0.1705,F2|F3,원정소비형,-0.12914,0.01375,원정소비형
다이나믹듀오,0.0714,0.1001,0.5732,0.1195,0.1358,F3|F5,글로벌투어형,0.15669,-0.04423,글로벌투어형
비비,0.0648,0.1493,0.5138,0.1521,0.12,F3|F4,현장상업형,0.08105,-0.05582,현장상업형
카더가든,0.1349,0.1605,0.33,0.2878,0.0868,F3|F4,현장상업형,-0.14217,-0.12194,현장상업형
sg워너비,0.0398,0.1453,0.3289,0.2831,0.2028,F3|F4,현장상업형,-0.14081,-0.02275,현장상업형
장윤정,0.1355,0.1575,0.391,0.1899,0.1261,F3|F4,현장상업형,-0.04663,-0.04969,현장상업형
이승철,0.0477,0.1702,0.4146,0.2344,0.1332,F3|F4,현장상업형,-0.0466,-0.06643,현장상업형
윤도현,0.1551,0.0935,0.4553,0.2314,0.0647,F3|F4,현장상업형,0.00663,-0.14418,현장상업형
린,0.0891,0.1274,0.4047,0.2706,0.1082,F3|F4,현장상업형,-0.06232,-0.11227,현장상업형
잔나비,0.0506,0.0926,0.4268,0.3087,0.1213,F3|F4,현장상업형,-0.05238,-0.12947,현장상업형
백지영,0.048,0.1897,0.4413,0.24,0.081,F3|F4,현장상업형,-0.02746,-0.11419,현장상업형
김동률,0.0237,0.1576,0.5687,0.1296,0.1205,F2|F3,원정소비형,0.13822,-0.0508,원정소비형
Zion.T,0.0392,0.1877,0.3785,0.2337,0.1609,F3|F4,현장상업형,-0.08246,-0.03374,현장상업형
박효신,0.0903,0.1418,0.404,0.2579,0.106,F3|F4,현장상업형,-0.0602,-0.10511,현장상업형
pH-1,0.0509,0.0978,0.6161,0.1103,0.1249,F3|F5,글로벌투어형,0.19969,-0.05575,글로벌투어형
한로로,0.0653,0.1077,0.4335,0.1828,0.2108,F3|F5,글로벌투어형,0.00183,0.01091,글로벌투어형
이문세,0.0723,0.1296,0.4277,0.2726,0.0978,F3|F4,현장상업형,-0.0427,-0.12511,현장상업형
브라운아이즈,0.0892,0.1265,0.2812,0.2998,0.2032,F3|F4,현장상업형,-0.18719,-0.0272,현장상업형
거미,0.0691,0.1587,0.3621,0.3533,0.0568,F3|F4,현장상업형,-0.13989,-0.1848,현장상업형
BE'O,0.0837,0.1382,0.5065,0.1266,0.145,F3|F5,글로벌투어형,0.0867,-0.0229,글로벌투어형
