topic,rank,word,phi,raw_weight
T0,1,ost,0.0319755,237.7043
T0,2,드라마,0.0246406,183.1771
T0,3,참여,0.00893031,66.3875
T0,4,화제,0.00873362,64.9252
T0,5,발매,0.00835562,62.1152
T0,6,타이틀곡,0.00673934,50.0999
T0,7,데뷔,0.00669711,49.7859
T0,8,공개,0.0062103,46.1671
T0,9,신곡,0.00594348,44.1835
T0,10,데뷔곡,0.00552868,41.0999
T0,11,수상,0.00498923,37.0897
T0,12,2025년,0.00465216,34.5839
T0,13,보도,0.00445865,33.1454
T0,14,tvn,0.00421155,31.3084
T0,15,크러쉬,0.00399771,29.7188
T0,16,love,0.00398568,29.6293
T0,17,사랑,0.00391477,29.1022
T0,18,2016년,0.00390114,29.0009
T0,19,like,0.00383345,28.4976
T0,20,2026년,0.00380437,28.2815
T0,21,불러,0.00377995,28.1000
T0,22,part,0.00375511,27.9153
T0,23,3위,0.00359716,26.7411
T0,24,다수,0.00350652,26.0673
T0,25,me,0.00304951,22.6699
T0,26,동시,0.00303855,22.5884
T0,27,싱글,0.0030373,22.5791
T0,28,아일릿,0.00301869,22.4408
T0,29,mama,0.00301629,22.4229
T0,30,올랐,0.0028999,21.5577
T0,31,으로,0.00289438,21.5166
T0,32,음원차트,0.00283832,21.0999
T0,33,모았,0.00282316,20.9872
T0,34,go,0.00276806,20.5776
T0,35,2014년,0.00269915,20.0653
T0,36,일본,0.00267411,19.8792
T0,37,뮤직비디오,0.00264563,19.6675
T0,38,신인상,0.00260313,19.3515
T0,39,기록,0.00257355,19.1316
T0,40,시청률,0.00256929,19.0999
T0,41,세븐틴,0.00254117,18.8909
T0,42,케이팝,0.00247503,18.3993
T0,43,청하,0.00244308,18.1617
T0,44,지코,0.00242981,18.0631
T0,45,가수,0.0024268,18.0407
T0,46,9월,0.00241666,17.9654
T0,47,워너원,0.00239531,17.8066
T0,48,8월,0.00238623,17.7391
T0,49,sbs,0.00238309,17.7157
T0,50,권은비,0.00235742,17.5249
T1,1,공식,0.0260454,158.7936
T1,2,팬클럽,0.0147697,90.0481
T1,3,팬덤,0.0128229,78.1786
T1,4,팬덤명,0.00805339,49.0999
T1,5,stray,0.00690524,42.0999
T1,6,kids,0.00690524,42.0999
T1,7,팬클럽명,0.00608515,37.1000
T1,8,모집,0.00453749,27.6642
T1,9,멤버십,0.00427759,26.0796
T1,10,asian,0.00395287,24.0999
T1,11,weeks,0.00395287,24.0999
T1,12,asia,0.00387512,23.6259
T1,13,명칭,0.00362484,22.1000
T1,14,dome,0.00350145,21.3477
T1,15,정도,0.00336937,20.5424
T1,16,kong,0.0032968,20.1000
T1,17,판매,0.00320795,19.5582
T1,18,암표,0.00313278,19.1000
T1,19,melon,0.00313276,19.0998
T1,20,hong,0.00312826,19.0724
T1,21,dream,0.00302479,18.4416
T1,22,만큼,0.00301859,18.4037
T1,23,nct,0.00290257,17.6964
T1,24,이며,0.00289073,17.6243
T1,25,ftisland,0.00281316,17.1513
T1,26,jan,0.0028103,17.1339
T1,27,singapore,0.00280474,17.0999
T1,28,bangkok,0.00276927,16.8837
T1,29,기부하,0.00274131,16.7132
T1,30,커뮤니티,0.00258555,15.7636
T1,31,sustained,0.00257262,15.6848
T1,32,thailand,0.00251794,15.3514
T1,33,arena,0.00249558,15.2151
T1,34,exclusive,0.00247669,15.0999
T1,35,3rd,0.00247669,15.0999
T1,36,가입,0.00246939,15.0554
T1,37,응원봉,0.00239528,14.6036
T1,38,팬들,0.00235874,14.3808
T1,39,downloads,0.00231267,14.0999
T1,40,그룹,0.0022876,13.9471
T1,41,소속사,0.00223083,13.6009
T1,42,collaborations,0.00214865,13.0999
T1,43,cross,0.00214865,13.0999
T1,44,described,0.00205271,12.5149
T1,45,日本,0.0020519,12.5100
T1,46,months,0.00198465,12.1001
T1,47,아이린,0.00198463,12.0999
T1,48,태양,0.00196386,11.9733
T1,49,mnet,0.00195891,11.9431
T1,50,레드벨벳,0.00194796,11.8763
T2,1,콘서트,0.0155749,127.5889
T2,2,기사,0.0153225,125.5212
T2,3,무대,0.0102979,84.3599
T2,4,부산,0.00882221,72.2710
T2,5,출연,0.00664925,54.4703
T2,6,dome,0.00559723,45.8522
T2,7,2026년,0.00545656,44.6998
T2,8,인터뷰,0.00495461,40.5879
T2,9,함께,0.00494306,40.4933
T2,10,billion,0.0046509,38.0999
T2,11,평가,0.00460614,37.7332
T2,12,한국,0.00459684,37.6570
T2,13,대구,0.00424342,34.7619
T2,14,kspo,0.0042171,34.5462
T2,15,경기,0.00403257,33.0346
T2,16,전국투어,0.00387006,31.7033
T2,17,지역,0.00381805,31.2772
T2,18,서울,0.00377408,30.9170
T2,19,다룬,0.00373963,30.6348
T2,20,소개,0.00371083,30.3989
T2,21,라인업,0.00369786,30.2926
T2,22,게재,0.00366291,30.0064
T2,23,완전체,0.00360537,29.5350
T2,24,attendees,0.00355226,29.0999
T2,25,페스티벌,0.00352268,28.8576
T2,26,안내,0.00306397,25.0999
T2,27,5월,0.00305992,25.0667
T2,28,이영지,0.00303737,24.8820
T2,29,대학축제,0.00300919,24.6511
T2,30,ticket,0.00299299,24.5184
T2,31,연말,0.00295978,24.2464
T2,32,red,0.00293262,24.0239
T2,33,2025년,0.00291424,23.8733
T2,34,가수,0.00285007,23.3476
T2,35,받았,0.00281426,23.0542
T2,36,소개하,0.00280023,22.9393
T2,37,인천,0.00258137,21.1464
T2,38,아는,0.00257569,21.0999
T2,39,cities,0.00255031,20.8920
T2,40,케이윌,0.00250943,20.5571
T2,41,광주,0.00247222,20.2522
T2,42,8월,0.00245722,20.1294
T2,43,minutes,0.00245362,20.0999
T2,44,선보였,0.00239762,19.6411
T2,45,단독,0.00236724,19.3923
T2,46,velvet,0.00236107,19.3417
T2,47,2024년,0.00235143,19.2627
T2,48,youtube,0.00220948,18.0999
T2,49,소감,0.00220533,18.0659
T2,50,특집,0.00216012,17.6956
T3,1,공연,0.0202667,272.6866
T3,2,데뷔,0.0167065,224.7839
T3,3,콘서트,0.0157708,212.1946
T3,4,투어,0.013421,180.5784
T3,5,일본,0.0131375,176.7641
T3,6,2025년,0.011494,154.6508
T3,7,무대,0.0103087,138.7023
T3,8,도시,0.00878021,118.1367
T3,9,관객,0.00830937,111.8017
T3,10,서울,0.00713872,96.0506
T3,11,2026년,0.00711106,95.6785
T3,12,5월,0.00653709,87.9559
T3,13,축제,0.00613994,82.6122
T3,14,활동,0.00602294,81.0380
T3,15,단독,0.00530339,71.3566
T3,16,미국,0.00501023,67.4121
T3,17,아시아,0.00459794,61.8647
T3,18,맞아,0.00415014,55.8397
T3,19,최초,0.00410188,55.1904
T3,20,동원,0.00409516,55.1000
T3,21,반응,0.00407494,54.8279
T3,22,진행,0.00396473,53.3450
T3,23,전국,0.00382187,51.4228
T3,24,1월,0.0037925,51.0277
T3,25,2024년,0.00378532,50.9311
T3,26,한국,0.00361712,48.6679
T3,27,지역,0.00358472,48.2321
T3,28,12월,0.00353807,47.6044
T3,29,열린,0.00346546,46.6274
T3,30,10주년,0.00343996,46.2842
T3,31,재결합,0.00329654,44.3546
T3,32,명의,0.0032343,43.5171
T3,33,이상,0.00321991,43.3235
T3,34,함께,0.00317669,42.7421
T3,35,기념,0.0030509,41.0495
T3,36,8월,0.00272052,36.6043
T3,37,시작,0.00265361,35.7041
T3,38,수익,0.00260821,35.0932
T3,39,라이브,0.00259535,34.9202
T3,40,김재중,0.0025769,34.6720
T3,41,2017년,0.00257506,34.6471
T3,42,대학축제,0.00256775,34.5488
T3,43,월드투어,0.00255515,34.3792
T3,44,9월,0.00253451,34.1016
T3,45,2019년,0.00249821,33.6131
T3,46,전국투어,0.00248955,33.4967
T3,47,처음,0.00248717,33.4646
T3,48,20주년,0.00248339,33.4137
T3,49,싸이,0.0024681,33.2080
T3,50,북미,0.0024434,32.8757
T4,1,보도,0.0344502,629.7584
T4,2,콘서트,0.0318111,581.5164
T4,3,공연,0.0230805,421.9182
T4,4,매체,0.0183312,335.0999
T4,5,단독,0.0146361,267.5510
T4,6,티켓,0.0142812,261.0641
T4,7,팬들,0.0119399,218.2643
T4,8,태국,0.0111016,202.9395
T4,9,매진,0.0108368,198.0999
T4,10,소식,0.0100709,184.0988
T4,11,개최,0.00920777,168.3206
T4,12,인도네시아,0.00906677,165.7430
T4,13,월드투어,0.00868809,158.8207
T4,14,2025년,0.00806987,147.5194
T4,15,서울,0.00734848,134.3323
T4,16,전석,0.00724649,132.4679
T4,17,브라질,0.00722637,132.1000
T4,18,필리핀,0.00717166,131.0999
T4,19,현지,0.00699375,127.8477
T4,20,2026년,0.00697484,127.5019
T4,21,데뷔,0.00616416,112.6826
T4,22,자카르타,0.00596068,108.9629
T4,23,투어,0.00588731,107.6216
T4,24,팬미팅,0.00583556,106.6757
T4,25,일본,0.00578219,105.7001
T4,26,기사,0.00564606,103.2115
T4,27,팬덤,0.00526194,96.1897
T4,28,베트남,0.00520233,95.0999
T4,29,오픈,0.00509292,93.1000
T4,30,대만,0.00493566,90.2252
T4,31,2024년,0.00466076,85.2001
T4,32,마닐라,0.00436368,79.7693
T4,33,멤버,0.00422664,77.2642
T4,34,무대,0.00403876,73.8297
T4,35,방콕,0.00394414,72.1000
T4,36,pop,0.00374631,68.4836
T4,37,예매,0.00356121,65.1000
T4,38,홍콩,0.00353285,64.5814
T4,39,2023년,0.00345232,63.1094
T4,40,tour,0.00323997,59.2276
T4,41,소개,0.00319292,58.3675
T4,42,만의,0.00307616,56.2330
T4,43,기념,0.00299263,54.7062
T4,44,k팝,0.00278385,50.8895
T4,45,컴백,0.00277177,50.6688
T4,46,함께,0.00264635,48.3760
T4,47,전했,0.00264503,48.3519
T4,48,bts,0.00260941,47.7007
T4,49,9월,0.0025745,47.0627
T4,50,보여준,0.00256348,46.8611
T5,1,브랜드,0.0477807,437.1000
T5,2,모델,0.0273392,250.1000
T5,3,광고,0.0258088,236.0999
T5,4,앰버서더,0.0252622,231.1000
T5,5,발탁,0.0218735,200.1000
T5,6,캠페인,0.0191407,175.0999
T5,7,글로벌,0.0174184,159.3438
T5,8,2025년,0.0144626,132.3042
T5,9,8월,0.00970445,88.7767
T5,10,2024년,0.0081511,74.5666
T5,11,2026년,0.00708879,64.8486
T5,12,2023년,0.00669062,61.2061
T5,13,보도,0.00575588,52.6550
T5,14,발탁해,0.00547658,50.1000
T5,15,광고모델,0.00525795,48.1000
T5,16,계약,0.00515997,47.2036
T5,17,진행,0.00512711,46.9030
T5,18,가수,0.0050539,46.2333
T5,19,공개,0.0047273,43.2455
T5,20,협업,0.00466295,42.6568
T5,21,활동,0.00466038,42.6333
T5,22,신규,0.00443137,40.5384
T5,23,뷰티,0.00416482,38.1000
T5,24,2022년,0.00400322,36.6216
T5,25,3월,0.00399853,36.5787
T5,26,브랜드평판,0.0039462,36.1000
T5,27,패션,0.00372757,34.1000
T5,28,9월,0.00358458,32.7918
T5,29,일본,0.00355216,32.4953
T5,30,mexico,0.0035282,32.2762
T5,31,4월,0.00335417,30.6841
T5,32,멤버,0.00333672,30.5245
T5,33,시장,0.0032338,29.5829
T5,34,피해,0.00322771,29.5272
T5,35,7월,0.00307599,28.1393
T5,36,10월,0.00306286,28.0191
T5,37,새로운,0.00297934,27.2551
T5,38,공식,0.00281653,25.7658
T5,39,화보,0.00278249,25.4543
T5,40,2021년,0.00277056,25.3452
T5,41,전속,0.00274376,25.1000
T5,42,명품,0.00263444,24.1000
T5,43,사례,0.00261679,23.9385
T5,44,다수,0.00259898,23.7756
T5,45,선정,0.00259131,23.7054
T5,46,루이비통,0.00252513,23.1000
T5,47,최초,0.00250566,22.9219
T5,48,올랐,0.00249336,22.8094
T5,49,스타뉴스,0.00246258,22.5278
T5,50,6월,0.0024492,22.4054
T6,1,fan,0.0185491,254.0999
T6,2,tour,0.0156569,214.4808
T6,3,concert,0.0155561,213.0999
T6,4,sold,0.0146801,201.1000
T6,5,japan,0.0142706,195.4900
T6,6,million,0.0126362,173.1000
T6,7,album,0.0120522,165.1000
T6,8,music,0.0117902,161.5119
T6,9,group,0.0110302,151.1000
T6,10,chart,0.00986219,135.1000
T6,11,debut,0.0092052,126.1000
T6,12,pop,0.00914301,125.2481
T6,13,world,0.00896765,122.8459
T6,14,official,0.00895292,122.6441
T6,15,korea,0.00874819,119.8396
T6,16,copies,0.00832921,114.1000
T6,17,korean,0.00789121,108.1000
T6,18,club,0.00730721,100.0999
T6,19,seoul,0.0072431,99.2217
T6,20,brand,0.00687046,94.1169
T6,21,japanese,0.00657723,90.1000
T6,22,awards,0.00636185,87.1496
T6,23,won,0.00577423,79.1000
T6,24,anniversary,0.00570124,78.1000
T6,25,solo,0.00548224,75.1000
T6,26,global,0.00548224,75.1000
T6,27,fans,0.00545458,74.7211
T6,28,show,0.00534256,73.1866
T6,29,ambassador,0.00533624,73.1000
T6,30,best,0.00508039,69.5951
T6,31,billboard,0.00504424,69.0999
T6,32,news,0.00497124,68.0999
T6,33,artist,0.00482525,66.1000
T6,34,years,0.00475225,65.1000
T6,35,year,0.00438725,60.1000
T6,36,single,0.00423554,58.0217
T6,37,song,0.00413177,56.6002
T6,38,top,0.00408222,55.9214
T6,39,release,0.00402225,55.1000
T6,40,shows,0.00402225,55.1000
T6,41,sales,0.00387626,53.1000
T6,42,entertainment,0.00379899,52.0415
T6,43,donated,0.00373026,51.1000
T6,44,drew,0.00365726,50.1000
T6,45,held,0.00358426,49.1000
T6,46,albums,0.00351126,48.1000
T6,47,chinese,0.00343826,47.1000
T6,48,named,0.00343826,47.1000
T6,49,became,0.00343826,47.1000
T6,50,april,0.00336526,46.1000
T7,1,유튜브,0.0210477,254.0999
T7,2,공식,0.019256,232.4698
T7,3,홍보대사,0.0139241,168.1000
T7,4,2026년,0.01276,154.0457
T7,5,채널,0.0122675,148.1000
T7,6,팬클럽,0.0120639,145.6430
T7,7,8월,0.0113879,137.4815
T7,8,콘텐츠,0.0104626,126.3106
T7,9,활동,0.0100899,121.8111
T7,10,위촉,0.00986532,119.1000
T7,11,기부,0.00911052,109.9876
T7,12,조회수,0.00749202,90.4481
T7,13,팬덤,0.00674425,81.4206
T7,14,구독자,0.00671769,81.1000
T7,15,영상,0.00615149,74.2644
T7,16,공개,0.00602539,72.7421
T7,17,홍보,0.0059928,72.3486
T7,18,보도,0.00554105,66.8949
T7,19,2020년,0.00522476,63.0764
T7,20,7월,0.00521997,63.0186
T7,21,9월,0.00475578,57.4146
T7,22,명을,0.00471325,56.9011
T7,23,기준,0.00461515,55.7168
T7,24,팬카페,0.00448122,54.1000
T7,25,멤버,0.00425578,51.3783
T7,26,지원,0.00423272,51.0999
T7,27,10월,0.00418157,50.4824
T7,28,뮤직비디오,0.00402005,48.5325
T7,29,3월,0.00369639,44.6250
T7,30,함께,0.00362977,43.8208
T7,31,2025년,0.00361203,43.6066
T7,32,회원,0.00357007,43.1000
T7,33,돌파,0.00356633,43.0549
T7,34,2023년,0.0035118,42.3965
T7,35,참여,0.00329781,39.8131
T7,36,데뷔,0.00324848,39.2176
T7,37,위한,0.00315655,38.1078
T7,38,지역,0.00314761,37.9998
T7,39,1억,0.00308814,37.2819
T7,40,원을,0.00305509,36.8828
T7,41,생일,0.00302519,36.5219
T7,42,맞아,0.00293023,35.3754
T7,43,임영웅,0.00285676,34.4885
T7,44,2021년,0.00283785,34.2602
T7,45,관광,0.00275346,33.2414
T7,46,누적,0.00268897,32.4628
T7,47,팬들,0.00264507,31.9328
T7,48,운영,0.00260911,31.4988
T7,49,회를,0.00258388,31.1941
T7,50,2024년,0.00254944,30.7784
T8,1,기록,0.0325789,457.2241
T8,2,1위,0.0290469,407.6557
T8,3,앨범,0.0220957,310.0999
T8,4,차트,0.0178205,250.1000
T8,5,발매,0.0161806,227.0847
T8,6,데뷔,0.0155325,217.9895
T8,7,빌보드,0.0132304,185.6799
T8,8,최초,0.0122205,171.5072
T8,9,k팝,0.0121949,171.1485
T8,10,판매량,0.0121202,170.1000
T8,11,판매,0.0116298,163.2174
T8,12,그룹,0.00981878,137.8005
T8,13,음반,0.0096737,135.7644
T8,14,이상,0.00929009,130.3806
T8,15,아티스트,0.009043,126.9129
T8,16,최고,0.00848017,119.0139
T8,17,누적,0.00825921,115.9129
T8,18,기준,0.00780107,109.4832
T8,19,세웠,0.00756,106.1000
T8,20,싱글,0.00729921,102.4399
T8,21,연속,0.00724731,101.7115
T8,22,초동,0.00720374,101.1000
T8,23,스트리밍,0.00720373,101.0999
T8,24,멜론,0.00663371,93.1000
T8,25,일본,0.00650168,91.2471
T8,26,한국,0.00625574,87.7955
T8,27,걸그룹,0.00625444,87.7772
T8,28,역대,0.00613493,86.0999
T8,29,올랐,0.00612302,85.9328
T8,30,국내,0.0056145,78.7960
T8,31,수상,0.00555247,77.9255
T8,32,ep,0.00507303,71.1969
T8,33,오리콘,0.00503531,70.6675
T8,34,2024년,0.00494227,69.3617
T8,35,장을,0.00492362,69.1000
T8,36,진입,0.00492362,69.1000
T8,37,최다,0.00492362,69.1000
T8,38,정규,0.00455611,63.9422
T8,39,차지,0.00440782,61.8611
T8,40,2026년,0.00439768,61.7187
T8,41,음악방송,0.00430631,60.4364
T8,42,2위,0.00406858,57.0999
T8,43,돌파,0.00400054,56.1451
T8,44,달성,0.00394059,55.3037
T8,45,음원,0.00388376,54.5062
T8,46,인증,0.00364148,51.1059
T8,47,판매되,0.00364106,51.1000
T8,48,가온,0.00349855,49.1000
T8,49,부문,0.00347257,48.7354
T8,50,미니,0.0033999,47.7156
T9,1,출연,0.0368132,399.7297
T9,2,예능,0.0266247,289.0999
T9,3,영화,0.0141898,154.0782
T9,4,mbc,0.0120113,130.4231
T9,5,활동,0.0110795,120.3048
T9,6,sbs,0.00999087,108.4842
T9,7,출연해,0.00981872,106.6150
T9,8,드라마,0.00958,104.0229
T9,9,멤버,0.00951503,103.3175
T9,10,프로그램,0.00853793,92.7078
T9,11,kbs,0.0071983,78.1616
T9,12,나무위키,0.00701959,76.2211
T9,13,방송,0.00685719,74.4577
T9,14,함께,0.00640398,69.5366
T9,15,mc,0.00627167,68.0999
T9,16,2024년,0.00594929,64.5994
T9,17,문서,0.00586549,63.6894
T9,18,jtbc,0.00583203,63.3261
T9,19,다수,0.00554777,60.2396
T9,20,음악,0.00554424,60.2013
T9,21,kbs2,0.00553491,60.0999
T9,22,2021년,0.0049956,54.2439
T9,23,리얼리티,0.00459416,49.8849
T9,24,참여,0.00428746,46.5547
T9,25,배우,0.00427135,46.3798
T9,26,시리즈,0.00425031,46.1513
T9,27,tvn,0.00413429,44.8915
T9,28,역으,0.0039693,43.1000
T9,29,주연,0.0039334,42.7102
T9,30,방송된,0.0038772,42.0999
T9,31,출연했,0.0037851,41.0999
T9,32,게스트,0.00362192,39.3280
T9,33,2018년,0.00361477,39.2504
T9,34,고정,0.00360092,39.1000
T9,35,tv,0.00352294,38.2533
T9,36,특집,0.00348109,37.7988
T9,37,가수,0.00346959,37.6739
T9,38,이효리,0.00334466,36.3175
T9,39,우승,0.00331979,36.0474
T9,40,exo,0.003107,33.7368
T9,41,프로젝트,0.00298647,32.4281
T9,42,mnet,0.00297202,32.2712
T9,43,출연했으,0.00297159,32.2665
T9,44,전원,0.00293323,31.8500
T9,45,맡았,0.00291146,31.6136
T9,46,2023년,0.00288249,31.2990
T9,47,방영,0.00286415,31.0999
T9,48,출연한,0.00285199,30.9678
T9,49,2015년,0.00284471,30.8889
T9,50,2022년,0.00284319,30.8724
